CCDCIEL LBN/LDN EXTRA DATABASE - Lynds' Catalogue of Bright Nebulae. Source: CDS VizieR VII/9, Lynds B.T., Astrophys. J. Suppl. Ser. 12, 163 (1965) [1965ApJS...12..163L]. Positions precessed B1950->J2000. Dec range +90..-33 (Palomar plates).
RA[0..864000], DEC[-324000..324000], name(s), length [0.1 min], width[0.1 min], orientation[degrees]
639114,-103872,LBN1/Sh2-17,40,40,999
640919,-105059,LBN2/Sh2-19,140,100,999
640313,-103563,LBN3/Sh2-20,20,20,999
642716,-104146,LBN4/Sh2-21,30,30,999
600544,-63347,LBN5,250,120,999
598131,-59763,LBN6,900,80,999
596320,-56776,LBN7/DG144,500,100,999
570404,-21544,LBN8,450,120,999
639674,-94268,LBN9,50,50,999
572191,-16913,LBN10,600,300,999
570384,-14584,LBN11,150,150,999
594474,-42388,LBN12,650,200,999
583629,-28960,LBN13/Sh2-14,350,150,999
645056,-89428,LBN14/Sh2-22,600,400,999
570981,-13500,LBN15,200,120,999
595668,-40580,LBN16,1500,300,999
582418,-25548,LBN17/Sh2-24,300,100,999
570373,-10444,LBN18,280,100,999
570372,-10144,LBN19,1400,900,999
592049,-34604,LBN20,500,200,999
593249,-34596,LBN21,180,60,999
593248,-34296,LBN22,400,200,999
569163,-7031,LBN23,300,80,999
595655,-36380,LBN24/Sh2-27,4800,2400,999
650449,-87589,LBN25/NGC6523,450,300,999
651049,-87584,LBN26,900,400,999
649230,-82798,LBN27/NGC6514,200,200,999
654044,-86362,LBN28/NGC6559,150,100,999
654044,-86362,LBN29/Sh2-29,450,450,999
590824,-26812,LBN30,1400,100,999
652836,-84391,LBN31/IC4681,30,30,999
595639,-30980,LBN32,650,200,999
654640,-85458,LBN33/IC1274,200,50,999
653436,-84387,LBN34/IC4684,30,20,999
597444,-32468,LBN35,200,100,999
576361,-5906,LBN36,500,300,999
576361,-5906,LBN37/Sh2-33,300,200,999
652816,-79171,LBN38/Sh2-34,600,300,999
598031,-28264,LBN39,700,150,999
653409,-77367,LBN40,100,70,999
721899,-112890,LBN41,2100,900,999
657593,-73136,LBN42/Sh2-35,100,70,999
658185,-71032,LBN43/NGC6590,40,30,999
579941,1317,LBN44,700,500,999
579941,1317,LBN45/Sh2-36,400,100,999
658184,-70732,LBN46/NGC6589,40,30,999
658182,-70132,LBN47/IC1283,150,150,999
653365,-65367,LBN48/Sh2-38,30,30,999
655160,-63854,LBN49/Sh2-40,150,100,999
652150,-61176,LBN50,180,50,999
657563,-64736,LBN51/Sh2-41,2100,1200,999
659962,-64719,LBN52,300,50,999
654546,-59958,LBN53,300,300,999
721852,-100290,LBN54,2600,400,999
657546,-59937,LBN55/IC4701,600,400,999
657546,-59937,LBN56/Sh2-42,30,30,999
658737,-57528,LBN57,1200,1200,999
651514,-50981,LBN58/Sh2-46,300,200,999
658131,-55732,LBN59/Sh2-47,50,40,999
660537,-57515,LBN60/NGC6618,400,300,999
655718,-52150,LBN61,200,150,999
660522,-53315,LBN62/Sh2-50,200,200,999
666536,-57471,LBN63,800,600,999
661720,-52706,LBN64/Sh2-48,150,120,999
672545,-60427,LBN65/Sh2-51,400,100,999
663522,-53293,LBN66,100,60,999
659310,-49723,LBN67/NGC6611,1200,250,999
659911,-50019,LBN68,350,300,999
668329,-55658,LBN69,300,100,999
659899,-46719,LBN70,1800,1200,999
659293,-44924,LBN71,800,300,999
658687,-43128,LBN72/Sh2-54,600,300,999
667684,-42342,LBN73/Sh2-55,200,200,999
667684,-42342,LBN74,100,60,999
667072,-38867,LBN75/IC1287,200,100,999
667072,-38867,LBN76,350,250,999
666458,-34671,LBN77/Sh2-56,100,80,999
666446,-31071,LBN78/Sh2-57,20,20,999
667044,-30467,LBN79/Sh2-58,80,50,999
670034,-27445,LBN80/Sh2-59,300,150,999
668825,-24754,LBN81,400,150,999
670022,-23845,LBN82/Sh2-60,150,150,999
711506,-53557,LBN83,100,80,999
668203,-17858,LBN84/Sh2-61,20,20,999
664590,-13685,LBN85/Sh2-62,30,30,999
718696,-51710,LBN86/Sh2-63,700,400,999
711482,-45757,LBN87,100,80,999
623074,22013,LBN88/DG146,120,80,999
711476,-43957,LBN89,20,20,999
666970,-7667,LBN90/Sh2-64,200,80,999
675988,-13422,LBN91/Sh2-65,100,20,999
675368,-7006,LBN92/Sh2-66,100,100,999
662735,3102,LBN93/Sh2-68,80,50,999
677772,-8369,LBN94/Sh2-67,150,150,999
668745,146,LBN95,120,100,999
666333,3728,LBN96/DG152,80,40,999
666931,4393,LBN97,100,50,999
666929,4933,LBN98/DG153,220,200,999
674149,-1015,LBN99/Sh2-69,150,100,999
711424,-26557,LBN100,400,120,999
711408,-21157,LBN101,1800,900,999
656662,25438,LBN102/Sh2-70,80,40,999
684921,7762,LBN103/Sh2-71,20,10,999
686718,8675,LBN104,350,200,999
582106,78731,LBN105/Sh2-73,600,200,999
583906,78143,LBN106,300,200,999
680676,21772,LBN107,40,40,999
721565,-6691,LBN108,1500,500,999
689683,20095,LBN109/Sh2-74,30,20,999
681856,28140,LBN110/Sh2-76,80,50,999
728159,-4850,LBN111/DG161,200,100,999
747996,-20335,LBN112,300,180,999
728154,-3050,LBN113,700,200,999
738969,-8986,LBN114,850,300,999
735360,-5407,LBN115,350,100,999
726949,-1258,LBN116,1400,800,999
764807,-28047,LBN117,3600,1200,999
752787,-17309,LBN118,900,150,999
736554,-3000,LBN119,1400,100,999
740158,-4779,LBN120,350,300,999
741953,-2968,LBN121,700,30,999
735338,3053,LBN122,420,120,999
736535,4200,LBN123,200,100,999
739548,-762,LBN124,200,150,999
738933,4814,LBN125,300,50,999
713624,41258,LBN126,200,80,999
690752,60603,LBN127/Sh2-80,10,10,999
702141,65722,LBN128/Ced168,100,100,999
702140,65782,LBN129/DG159,70,70,999
700308,74830,LBN130/DG157,80,50,999
712947,66154,LBN131/Sh2-84,150,30,999
735209,50993,LBN132,1200,300,999
699083,81961,LBN133/DG155,50,30,999
699683,81965,LBN134/Ced167,80,30,999
709885,83834,LBN135/NGC6823,400,300,999
711669,88946,LBN136/Sh2-87,170,80,999
711663,90626,LBN137,20,20,999
711663,90686,LBN138,20,20,999
711661,91226,LBN139/Sh2-88,180,60,999
781504,22428,LBN140,1800,500,999
736349,72000,LBN141,1600,600,999
809046,74126,LBN142,2000,300,999
744777,65448,LBN143,1200,200,999
713443,96517,LBN144/Sh2-90,80,30,999
711622,101846,LBN145/Sh2-92,450,200,999
717041,98221,LBN146/Sh2-93,10,10,999
706197,106610,LBN147/Sh2-91,1200,20,999
700764,113173,LBN148/Sh2-94,500,20,999
717015,105481,LBN149/Sh2-95,10,10,999
701346,117677,LBN150/Sh2-96,200,100,999
717604,108485,LBN151/Sh2-97,100,100,999
778457,45815,LBN152,1900,150,999
723025,105039,LBN153/IC4954,30,10,999
719391,112696,LBN154/Sh2-98,100,100,999
722382,115955,LBN155,50,30,999
718161,119588,LBN156,220,30,999
786260,47648,LBN157,900,200,999
719964,119540,LBN158,160,60,999
721167,119307,LBN159,800,300,999
720561,120504,LBN160/Sh2-99,30,30,999
721162,120507,LBN161/Sh2-100,30,30,999
724165,121126,LBN162,1800,1800,999
725973,119937,LBN163,200,100,999
722355,122915,LBN164,330,150,999
710296,131837,LBN165,1950,300,999
724158,122926,LBN166,400,200,999
753101,96094,LBN167,700,300,999
719933,127100,LBN168/Ced173,200,150,999
739832,110420,LBN169/Sh2-102,700,150,999
723549,124722,LBN170,600,500,999
720532,127703,LBN171,200,100,999
725958,123537,LBN172,430,150,999
711487,134245,LBN173,300,80,999
722340,126515,LBN174,800,500,999
728370,121752,LBN175,530,150,999
710280,135437,LBN176,300,60,999
722940,126639,LBN177,200,50,999
719319,130096,LBN178,1000,400,999
724740,127430,LBN179,250,100,999
722322,130715,LBN180,800,100,999
728353,125952,LBN181/IC1310,150,30,999
725936,128937,LBN182,900,200,999
721710,133111,LBN183,150,50,999
715077,137869,LBN184,200,60,999
734374,123588,LBN185,800,400,999
714469,139365,LBN186,200,100,999
724719,132530,LBN187,800,200,999
827145,370,LBN188,220,120,999
724713,133730,LBN189,600,200,999
722296,136715,LBN190,600,200,999
751248,112284,LBN191/NGC6960,2100,1600,999
723495,137322,LBN192,100,30,999
725905,136137,LBN193,900,300,999
722889,138518,LBN194,40,30,999
730730,132567,LBN195/Sh2-104,70,70,999
715649,143872,LBN196,200,80,999
723490,138522,LBN197,50,30,999
737361,128406,LBN198,1300,600,999
720467,142103,LBN199,350,100,999
716244,145076,LBN200,700,100,999
713831,146861,LBN201,600,400,999
717450,144484,LBN202,450,100,999
727701,137948,LBN203/NGC6888,200,100,999
709604,150433,LBN204,200,70,999
724080,140926,LBN205,3000,1500,999
729507,137359,LBN206,500,300,999
719250,145096,LBN207,400,100,999
725886,140337,LBN208,1200,200,999
730713,136767,LBN209,300,150,999
736746,132003,LBN210,700,300,999
734934,133792,LBN211,2400,600,999
731915,136774,LBN212,400,100,999
722259,144515,LBN213,200,50,999
724671,143030,LBN214,40,30,999
729497,139759,LBN215,400,200,999
724066,143926,LBN216,450,200,999
722858,145118,LBN217,150,50,999
738546,132913,LBN218,100,100,999
737942,133510,LBN219,300,200,999
784393,80640,LBN220,250,100,999
713800,152861,LBN221,520,100,999
724659,145730,LBN222,1800,900,999
727674,143948,LBN223,200,50,999
734914,138592,LBN224,1500,600,999
702935,160589,LBN225,2100,500,999
739136,135617,LBN226,1100,600,999
724046,148126,LBN227,1000,100,999
716201,153476,LBN228,350,150,999
742150,133834,LBN229,400,100,999
749996,126677,LBN230,400,100,999
745770,130854,LBN231/Sh2-107,80,80,999
721024,151107,LBN232,1200,100,999
725246,148733,LBN233,1600,300,999
733091,142781,LBN234/Sh2-108,1100,600,999
745766,132054,LBN235,1800,1500,999
729467,146359,LBN236,900,600,999
719206,153795,LBN237,530,200,999
722822,152318,LBN238,100,100,999
728252,148752,LBN239,600,200,999
731872,146374,LBN240,1200,600,999
731872,146374,LBN241,400,200,999
721610,154111,LBN242,200,50,999
726436,151141,LBN243,300,200,999
721002,155307,LBN244,4200,900,999
736695,144002,LBN245/IC_1318B,450,200,999
750580,131480,LBN246,450,300,999
745143,137451,LBN247,1010,200,999
732465,148177,LBN248,300,300,999
735484,145795,LBN249,500,300,999
752990,130293,LBN250,500,200,999
730048,150563,LBN251/IC_1318A,450,250,999
723408,155322,LBN252,180,50,999
735475,147595,LBN253,200,150,999
767471,115966,LBN254/Sh2-110,1000,200,999
751172,133884,LBN255,700,100,999
756001,129109,LBN256,120,20,999
737887,146409,LBN257,1200,600,999
739698,144920,LBN258,300,100,999
731245,151770,LBN259,600,200,999
722189,158314,LBN260,600,150,999
736073,148499,LBN261,250,150,999
722186,158914,LBN262,800,300,999
746938,139861,LBN263,1300,300,999
724598,157729,LBN264,700,50,999
745730,141054,LBN265,400,400,999
755994,131209,LBN266,120,20,999
737879,148209,LBN267,600,200,999
734859,150712,LBN268,50,40,999
757200,130315,LBN269,1300,200,999
734253,151788,LBN270,1800,900,999
741496,146430,LBN271,400,100,999
721571,161311,LBN272,900,70,999
735456,151795,LBN273,220,100,999
734852,152332,LBN274/NGC6914,30,30,999
742098,146434,LBN275,100,60,999
741494,147030,LBN276,80,40,999
745720,143454,LBN277,300,300,999
731227,155370,LBN278,300,200,999
736057,151799,LBN279,700,200,999
735452,152575,LBN280/NGC6914,30,30,999
735450,152935,LBN281,30,30,999
779525,106420,LBN282,800,100,999
752963,137493,LBN283,350,100,999
756586,133912,LBN284,250,30,999
740280,149423,LBN285,500,450,999
739675,150020,LBN286,120,30,999
778919,108218,LBN287/Sh2-111,700,100,999
739068,151216,LBN288,450,200,999
751147,140484,LBN289,600,250,999
756581,135112,LBN290,80,30,999
754769,137203,LBN291,100,80,999
734837,155392,LBN292,900,300,999
737854,153609,LBN293,500,400,999
722152,164914,LBN294,700,50,999
752348,140970,LBN295,150,80,999
757782,135718,LBN296,200,100,999
720942,166107,LBN297,500,200,999
731807,159574,LBN298,80,20,999
758382,136321,LBN299,500,100,999
733618,158384,LBN300,600,100,999
730598,160766,LBN301,200,100,999
746905,147661,LBN302,400,200,999
731804,160174,LBN303,400,100,999
755964,139309,LBN304,1300,130,999
736636,156602,LBN305,200,50,999
782529,107633,LBN306,400,100,999
761399,133937,LBN307,2300,700,999
748109,147667,LBN308,1200,300,999
739048,155416,LBN309,420,100,999
729986,162563,LBN310,3600,1200,999
748710,147671,LBN311,400,400,999
743274,152440,LBN312,400,200,999
726965,164944,LBN313,550,80,999
732396,161977,LBN314,300,100,999
738429,159013,LBN315,900,600,999
761988,137540,LBN316,1600,200,999
739030,159016,LBN317,230,200,999
756550,143512,LBN318,500,100,999
751716,148287,LBN319,350,150,999
748692,151870,LBN320,900,300,999
763191,137546,LBN321,850,100,999
745670,154854,LBN322,80,40,999
745668,155154,LBN323,200,100,999
746272,154857,LBN324,1000,600,999
731167,166770,LBN325,250,100,999
731765,167373,LBN326,800,100,999
751099,151883,LBN327,800,300,999
750492,153080,LBN328/IC5068,400,300,999
749281,154874,LBN329,600,200,999
740821,162027,LBN330,400,200,999
728130,171551,LBN331,1200,30,999
752900,153093,LBN332,400,400,999
768608,136972,LBN333/Sh2-113,200,50,999
748668,157270,LBN334,600,600,999
733560,169184,LBN335,100,50,999
732955,169781,LBN336,600,200,999
740206,164423,LBN337/Ced181,130,130,999
748665,157870,LBN338,400,150,999
742620,163237,LBN339,500,50,999
762562,145043,LBN340,90,50,999
748057,159067,LBN341,700,400,999
752892,154893,LBN342,600,300,999
750473,157280,LBN343,400,100,999
734760,169791,LBN344,800,400,999
732944,171581,LBN345,1800,200,999
769808,138177,LBN346,1000,300,999
768599,139672,LBN347/Sh2-114,120,60,999
753491,155496,LBN348,400,200,999
753491,155496,LBN349,450,200,999
750465,159080,LBN350/IC5070,600,500,999
742003,166233,LBN351,1800,1200,999
737770,169809,LBN352,850,300,999
750462,159680,LBN353/IC5067,250,100,999
754692,156103,LBN354,600,200,999
777050,131610,LBN355,900,400,999
755899,155509,LBN356,500,300,999
740786,168626,LBN357/Sh2-115,300,200,999
740786,168626,LBN358,600,400,999
751666,159687,LBN359,600,100,999
765568,145957,LBN360,330,100,999
745015,165650,LBN361,800,100,999
740177,169823,LBN362,600,50,999
758306,155521,LBN363,1400,300,999
734729,175191,LBN364,1100,300,999
759510,155527,LBN365,1000,400,999
775828,137605,LBN366,1500,300,999
741371,171630,LBN367,1500,600,999
741371,171630,LBN368,100,20,999
761321,154337,LBN369,400,100,999
733510,177584,LBN370,600,600,999
752856,162693,LBN371,1200,200,999
741368,172230,LBN372,300,20,999
757087,159115,LBN373/NGC7000,1200,300,999
777635,137012,LBN374,1100,150,999
742572,172237,LBN375,250,20,999
741967,172833,LBN376,500,20,999
734710,178191,LBN377,1050,100,999
754057,163299,LBN378,900,300,999
737731,176409,LBN379,120,100,999
741963,173433,LBN380,1500,600,999
740749,175226,LBN381,1000,300,999
738932,177016,LBN382,2400,1200,999
764326,155551,LBN383,200,100,999
755256,164506,LBN384,1200,1000,999
757672,162718,LBN385,700,200,999
738925,178216,LBN386,500,100,999
755855,165109,LBN387,800,200,999
751014,169883,LBN388,2400,1200,999
764921,157354,LBN389,150,50,999
764919,157954,LBN390,200,100,999
766125,157360,LBN391/Sh2-119,1500,600,999
761285,162736,LBN392,500,80,999
765518,158557,LBN393,250,100,999
753419,170616,LBN394/IC5076,70,70,999
778816,144218,LBN395,20,20,999
778815,144518,LBN396,20,20,999
779419,144100,LBN397,20,20,999
779418,144220,LBN398,20,20,999
778813,145298,LBN399,20,20,999
768534,157371,LBN400,900,150,999
769743,156177,LBN401,1000,400,999
767924,159169,LBN402,600,300,999
754608,173682,LBN403/DG166,50,30,999
770326,160980,LBN404,900,600,999
781199,152028,LBN405/Sh2-118,2700,900,999
603430,216878,LBN406,1200,300,999
777560,159212,LBN407,1200,120,999
757582,180718,LBN408/DG170,20,20,999
758186,180421,LBN409/DG169,20,20,999
760605,178633,LBN410,20,20,999
759395,179707,LBN411/DG171,20,20,999
758183,180901,LBN412,20,20,999
606399,218698,LBN413,400,120,999
781171,159948,LBN414/Sh2-123,150,100,999
603375,221078,LBN415,2100,200,999
773894,171796,LBN416,800,100,999
771471,174785,LBN417,300,200,999
826462,87369,LBN418,2000,1200,999
835496,69385,LBN419,1800,1800,999
795045,153881,LBN420,1900,900,999
777470,180812,LBN421,300,120,999
750191,204379,LBN422/Ced184,150,130,999
778673,181297,LBN423,120,100,999
788364,170056,LBN424/IC5146,100,100,999
799257,155696,LBN425,2700,2700,999
780481,181425,LBN426/Sh2-124,900,300,999
834281,84983,LBN427,200,80,999
811346,137733,LBN428/Sh2-126,1100,300,999
810135,140729,LBN429,1000,200,999
810737,140731,LBN430,500,100,999
833073,91581,LBN431,500,80,999
805291,152115,LBN432,2700,300,999
814357,137141,LBN433,1200,300,999
853536,33404,LBN434,800,300,999
816167,135345,LBN435,200,120,999
773166,196393,LBN436/Sh2-127,10,10,999
811328,146132,LBN437/DG187,750,200,999
816768,135947,LBN438,300,50,999
831257,102978,LBN439,280,60,999
818578,134151,LBN440,100,100,999
757950,214380,LBN441/DG168,10,10,999
814939,147942,LBN442,1100,300,999
775550,201204,LBN443/Sh2-128,10,10,999
731224,229772,LBN444,100,100,999
762787,213445,LBN445,600,50,999
766429,210942,LBN446/Ced191,120,100,999
728785,231557,LBN447,100,30,999
816140,149745,LBN448,420,100,999
762774,214945,LBN449/Ced190,1500,1100,999
817340,152148,LBN450,2900,900,999
776720,206909,LBN451/IC_1396B,120,40,999
777326,206612,LBN452/IC_1396A,140,20,999
765173,216756,LBN453,1000,130,999
820356,150355,LBN454,1800,1200,999
779733,207822,LBN455,1500,1300,999
779719,209922,LBN456,100,30,999
782744,209035,LBN457,900,400,999
824574,149765,LBN458,800,300,999
729214,242360,LBN459,1600,1200,999
826384,148568,LBN460,350,200,999
823962,155163,LBN461,600,150,999
825171,153366,LBN462,300,200,999
826984,149770,LBN463,500,250,999
703057,251793,LBN464,700,150,999
698202,252960,LBN465,900,100,999
846898,102999,LBN466,200,50,999
841470,121593,LBN467,150,50,999
745497,244255,LBN468,600,500,999
706581,255417,LBN469,600,200,999
843881,116196,LBN470,2400,1200,999
803317,201909,LBN471,300,200,999
768026,233570,LBN472/DG174,300,150,999
803923,201311,LBN473/Sh2-132,800,700,999
796630,210287,LBN474,450,100,999
753389,242498,LBN475,1500,500,999
772885,231793,LBN476/Sh2-133,800,200,999
833009,150381,LBN477,400,200,999
830590,156376,LBN478,300,300,999
799661,208497,LBN479,450,200,999
841465,126993,LBN480,900,200,999
701684,257784,LBN481,800,80,999
794789,215081,LBN482,200,100,999
750920,245485,LBN483,200,100,999
849303,104801,LBN484,600,400,999
799640,212397,LBN485,100,50,999
802060,211745,LBN486,200,80,999
756971,245516,LBN487/NGC7023,100,80,999
797800,216891,LBN488,230,150,999
802054,213005,LBN489,80,20,999
802052,213305,LBN490/Sh2-134,1900,1500,999
802656,213307,LBN491,130,50,999
804481,211213,LBN492/Sh2-135,220,150,999
804479,211513,LBN493,50,20,999
797777,220491,LBN494,1000,500,999
765431,246458,LBN495/DG172,120,80,999
800797,221101,LBN496/DG180,40,40,999
781290,237829,LBN497/NGC7129,20,20,999
789820,232463,LBN498/Sh2-137,1200,600,999
842048,149794,LBN499,200,200,999
800757,227101,LBN500,70,50,999
815364,210343,LBN501,250,150,999
815972,209625,LBN502/Sh2-139,100,70,999
845667,144098,LBN503,300,40,999
778169,245316,LBN504/Ced194,20,20,999
803178,227109,LBN505/Sh2-140,350,250,999
818998,208552,LBN506,830,600,999
846268,146798,LBN507,600,100,999
805607,225736,LBN508/DG183,10,10,999
809262,221727,LBN509/Sh2-141,60,50,999
809260,222027,LBN510,30,30,999
820206,208855,LBN511/NGC7380,250,200,999
818971,215392,LBN512/Sh2-144,100,70,999
822007,212159,LBN513,500,300,999
821994,215639,LBN514/Sh2-146,30,20,999
780463,254026,LBN515,350,200,999
825640,210667,LBN516/Sh2-149,20,20,999
829887,205575,LBN517/Sh2-151,300,230,999
827451,211511,LBN518/Sh2-153,50,50,999
827451,211631,LBN519/Sh2-152,20,20,999
811000,234332,LBN520/Sh2-150,350,50,999
822579,220561,LBN521/Sh2-154,550,200,999
820142,224155,LBN522,5400,900,999
810990,235652,LBN523/DG186,150,100,999
823775,223863,LBN524/DG188,40,30,999
5153,76007,LBN525,300,180,999
812168,240335,LBN526,500,200,999
825584,225367,LBN527,140,50,999
795014,255282,LBN528,1200,200,999
826192,224768,LBN529/Sh2-155,500,300,999
6355,74206,LBN530,250,120,999
799905,252959,LBN531/DG179,100,30,999
809061,248727,LBN532,200,200,999
836512,215186,LBN533,270,100,999
852276,175603,LBN534/DG191,900,100,999
792464,262473,LBN535,1550,300,999
837117,215187,LBN536,800,400,999
837115,215787,LBN537/Sh2-157,30,30,999
804123,255612,LBN538,100,40,999
813310,248738,LBN539,20,20,999
837717,216988,LBN540,600,100,999
797333,262370,LBN541/DG177,50,30,999
836495,221366,LBN542/NGC7538,80,70,999
837709,219988,LBN543/Sh2-158,70,70,999
838924,218190,LBN544,200,30,999
764634,277356,LBN545,50,50,999
797301,264170,LBN546/DG178,100,50,999
838308,222389,LBN547/Sh2-161,900,500,999
840129,220291,LBN548/NGC7635,150,80,999
840129,220291,LBN549,300,250,999
755286,281510,LBN550,1400,300,999
835247,232584,LBN551/Sh2-160,1000,150,999
754591,283007,LBN552,350,100,999
779898,277005,LBN553,50,50,999
851043,205062,LBN554/Sh2-164,50,50,999
755071,285110,LBN555,1450,400,999
12966,71803,LBN556,600,100,999
848000,218800,LBN557/Sh2-163,180,100,999
804480,270914,LBN558,1350,300,999
861929,178607,LBN559,150,100,999
862532,179207,LBN560,1400,600,999
863739,174527,LBN561,150,50,999
858300,197806,LBN562,1100,200,999
862532,182507,LBN563,600,100,999
946,175007,LBN564,700,150,999
851626,222943,LBN565/Sh2-165,80,80,999
853447,219284,LBN566/Sh2-166,100,100,999
804207,281413,LBN567,270,150,999
859500,217607,LBN568/Sh2-168,50,50,999
787274,289456,LBN569,700,600,999
17772,66400,LBN570,800,200,999
860105,217727,LBN571,50,50,999
710228,301053,LBN572,1800,250,999
836273,266186,LBN573,300,200,999
18973,64599,LBN574,400,100,999
841149,266793,LBN575,400,150,999
863130,224207,LBN576,300,20,999
947,232787,LBN577/Sh2-170,200,200,999
6390,211606,LBN578,50,50,999
739680,306035,LBN579,800,400,999
340,242807,LBN580,100,40,999
947,241907,LBN581/Ced214,200,100,999
1554,242207,LBN582,1800,1500,999
1554,242207,LBN583,1200,900,999
2161,241007,LBN584,350,350,999
3979,236267,LBN585/DG2,10,10,999
2161,242807,LBN586,350,100,999
1555,247007,LBN587,950,200,999
3375,241607,LBN588,250,200,999
2162,247007,LBN589/NGC7822,200,40,999
2160,236207,LBN590/DG3,20,20,999
12440,213404,LBN591,60,40,999
12450,222404,LBN592,200,50,999
13661,222403,LBN593/Sh2-173,250,200,999
17266,204100,LBN594,20,20,999
17871,204280,LBN595,20,20,999
16101,232601,LBN596/Sh2-175,10,10,999
19082,206198,LBN597/Sh2-176,120,50,999
856293,291405,LBN598/Sh2-174,150,130,999
20286,202597,LBN599/DG4,600,150,999
23276,180994,LBN600,70,50,999
135096,116365,LBN601/Ced24,20,10,999
21004,249997,LBN602/DG5,20,10,999
25700,188191,LBN603,850,500,999
26376,222990,LBN604,50,50,999
27534,200788,LBN605,1800,700,999
821625,319567,LBN606,1400,700,999
28155,208588,LBN607,600,300,999
29316,184586,LBN608,100,30,999
29315,183686,LBN609,200,200,999
29346,200186,LBN610/DG7,70,20,999
29359,206186,LBN611,100,30,999
29916,182485,LBN612,130,30,999
29917,182785,LBN613,30,20,999
30656,234984,LBN614/Sh2-181,150,80,999
31165,203183,LBN615,230,100,999
31771,203782,LBN616/NGC281,350,300,999
40266,310569,LBN617/Sh2-178,4500,3000,999
32482,236781,LBN618,450,200,999
32249,124581,LBN619,1100,200,999
34235,219978,LBN620/IC59,100,50,999
34187,203358,LBN621/DG6,20,20,999
35444,219376,LBN622/IC63,100,30,999
35444,219376,LBN623/Sh2-185,1200,250,999
40582,264666,LBN624,60,30,999
36656,219973,LBN625,600,200,999
50320,263744,LBN626,1500,300,999
399229,303224,LBN627,2800,1500,999
159994,309433,LBN628,130,100,999
393351,301436,LBN629,750,300,999
49980,222644,LBN630/Sh2-187,30,20,999
143150,306535,LBN631,800,300,999
170800,306356,LBN632,1050,300,999
54154,210153,LBN633/Sh2-188,100,30,999
87034,271419,LBN634,230,80,999
89250,263009,LBN635,100,100,999
89858,263006,LBN636/DG9,80,30,999
62567,200108,LBN637,350,100,999
63163,198306,LBN638,300,100,999
45408,59755,LBN639,250,80,999
65558,193498,LBN640,350,250,999
79036,225250,LBN641,350,100,999
84458,222828,LBN642,250,50,999
102909,247945,LBN643/DG10,30,20,999
49617,62145,LBN644,2700,200,999
87483,223115,LBN645/IC1795,120,120,999
88095,224013,LBN646,130,80,999
88694,223410,LBN647,200,100,999
89304,224007,LBN648,1200,600,999
85007,215746,LBN649,20,20,999
88074,221613,LBN650,350,300,999
129313,263404,LBN651,2100,2100,999
102129,235948,LBN652,350,200,999
81883,199438,LBN653,100,10,999
92294,220394,LBN654/IC1805,600,600,999
92289,219794,LBN655,800,300,999
91670,217997,LBN656,550,200,999
91667,217697,LBN657,150,100,999
96523,220375,LBN658,1000,300,999
94059,214686,LBN659,20,20,999
100776,222994,LBN660/Sh2-193,30,30,999
100776,222934,LBN661/Sh2-192,10,10,999
100774,222754,LBN662,20,20,999
95869,214498,LBN663/Sh2-191,10,10,999
102598,223946,LBN664/Sh2-196,60,60,999
97076,214432,LBN665/Sh2-195,20,20,999
84810,182026,LBN666,240,80,999
102533,217046,LBN667/IC1848,400,100,999
84808,181426,LBN668,1500,600,999
101911,214949,LBN669,100,100,999
102522,215846,LBN670,250,50,999
85408,180823,LBN671,220,70,999
104341,216737,LBN672,1200,600,999
105560,217931,LBN673,250,70,999
114700,225983,LBN674/Sh2-200,80,80,999
109782,217549,LBN675/IC1871,40,40,999
117040,219071,LBN676,200,40,999
116395,214874,LBN677/Sh2-202,2400,1200,999
122497,221440,LBN678/DG13,30,20,999
112080,204097,LBN679,1050,100,999
117520,205568,LBN680/DG12,100,50,999
126053,215420,LBN681,200,80,999
125414,211824,LBN682/DG17,350,200,999
332840,254850,LBN683,3000,300,999
127212,210613,LBN684,400,200,999
119863,196855,LBN685/Sh2-203,900,700,999
118641,194581,LBN686,50,30,999
196349,243155,LBN687,500,300,999
74871,72865,LBN688/DG8,600,300,999
141033,206330,LBN689/Sh2-204,300,100,999
201080,239520,LBN690,800,200,999
346232,236788,LBN691,1800,1200,999
321900,241406,LBN692,200,100,999
202177,234112,LBN693,900,350,999
94208,115384,LBN694,900,150,999
325448,239887,LBN695,1100,400,999
139705,191938,LBN696,430,250,999
153062,204753,LBN697,50,50,999
238307,241049,LBN698,1050,150,999
202705,229908,LBN699,300,100,999
208140,231668,LBN700,450,150,999
143308,190715,LBN701/Sh2-205,1000,800,999
243049,238614,LBN702,700,500,999
82675,69234,LBN703,4200,1200,999
145671,184760,LBN704/NGC1491,90,60,999
146273,184696,LBN705,250,250,999
146264,183496,LBN706/Sh2-206,450,100,999
86284,71019,LBN707,500,200,999
155951,191234,LBN708/Sh2-207,70,50,999
146243,180497,LBN709,450,200,999
150483,184369,LBN710,70,70,999
89287,70406,LBN711,300,100,999
161952,189394,LBN712/Sh2-210,200,200,999
135284,158964,LBN713,1600,800,999
135271,156564,LBN714,600,300,999
84432,46427,LBN715,600,80,999
123736,132632,LBN716,100,80,999
166112,183065,LBN717/Sh2-211,20,20,999
126755,135615,LBN718,2100,300,999
126753,135315,LBN719,350,300,999
128561,136204,LBN720,700,250,999
129165,136800,LBN721/DG19,120,100,999
168506,181549,LBN722/NGC1624,50,50,999
292399,220877,LBN723,550,120,999
146107,158297,LBN724,400,80,999
114626,106882,LBN725,1800,600,999
115834,108676,LBN726,3600,3300,999
291766,217881,LBN727,430,100,999
304299,217204,LBN728,250,100,999
301311,216922,LBN729,320,60,999
88027,42211,LBN730,1800,120,999
156350,161831,LBN731/Sh2-213,10,10,999
292940,216073,LBN732,250,50,999
292330,214877,LBN733,350,70,999
123667,114032,LBN734/DG14,100,20,999
156939,159727,LBN735/Sh2-214,40,40,999
146045,146297,LBN736,2100,1200,999
173266,174796,LBN737/DG45,10,10,999
136961,131954,LBN738,3000,1200,999
184731,181195,LBN739,80,50,999
124258,111269,LBN740,200,100,999
125466,113002,LBN741/NGC1333,90,70,999
170818,168333,LBN742,550,300,999
105514,72729,LBN743,1400,700,999
171419,168329,LBN744/Sh2-216,500,150,999
179262,172834,LBN745/Sh2-217,90,90,999
125447,107422,LBN746/DG16,100,100,999
177444,170627,LBN747/Sh2-219,20,20,999
138747,127743,LBN748,400,300,999
131487,115786,LBN749,1500,600,999
209419,189057,LBN750/Sh2-218,900,200,999
206402,187279,LBN751,1600,200,999
144781,133105,LBN752,3000,600,999
105496,65529,LBN753,1000,600,999
177420,167087,LBN754/Sh2-221,600,150,999
175001,164704,LBN755,120,60,999
144776,131905,LBN756/NGC1499,1600,400,999
139329,122939,LBN757,450,150,999
134492,115708,LBN758/IC348,100,100,999
183424,166444,LBN759,900,300,999
220209,187778,LBN760,250,150,999
131449,104987,LBN761,1400,300,999
107890,61917,LBN762,300,300,999
115724,71476,LBN763,250,120,999
215336,178813,LBN764,400,100,999
215317,176413,LBN765,500,200,999
162785,127587,LBN766,30,30,999
162785,127587,LBN767/NGC1579,30,30,999
190539,151393,LBN768/Sh2-223,700,100,999
196565,154950,LBN769/Sh2-224,200,30,999
135594,86961,LBN770,900,900,999
135594,86961,LBN771/NGC1432,600,400,999
135594,86961,LBN772,1800,1800,999
133775,81572,LBN773/DG20,1500,1200,999
141017,91728,LBN774,1800,300,999
145837,95898,LBN775,500,200,999
139799,86936,LBN776,2000,600,999
147035,94990,LBN777/DG26,200,180,999
195912,145954,LBN778/Sh2-225,100,30,999
144617,90506,LBN779,1500,600,999
186857,136899,LBN780/Sh2-226,20,20,999
191677,139985,LBN781/Sh2-227,300,200,999
155469,101535,LBN782/IC359,150,100,999
188046,134611,LBN783,100,80,999
188046,134611,LBN784/Sh2-228,20,20,999
157274,102423,LBN785/DG30,50,50,999
151831,92259,LBN786/IC360,1800,1000,999
194035,131568,LBN787,1800,200,999
160246,93944,LBN788/Ced33,50,20,999
203058,135102,LBN789,1200,300,999
286581,169912,LBN790,300,100,999
188589,122607,LBN791,1000,300,999
172909,107237,LBN792,100,60,999
162655,95787,LBN793,3600,1200,999
195218,127959,LBN794,550,100,999
190396,123794,LBN795/IC405,500,300,999
190990,122589,LBN796,2400,2400,999
201233,130315,LBN797,600,100,999
179526,110011,LBN798/DG48,80,50,999
157811,85020,LBN799,1400,100,999
160827,88600,LBN800,3000,300,999
291350,166882,LBN801,900,200,999
203028,129102,LBN802/Sh2-233,20,20,999
203628,129098,LBN803,120,100,999
196999,123746,LBN804/IC417,130,100,999
205434,130285,LBN805/Sh2-232,400,400,999
166853,94259,LBN806/DG42,40,20,999
193381,120172,LBN807/IC410,400,300,999
204828,129089,LBN808/Sh2-231,100,50,999
184334,110997,LBN809/DG50,20,20,999
198797,123133,LBN810/NGC1931,40,40,999
287144,163909,LBN811,600,100,999
163225,87563,LBN812/DG37,40,40,999
168048,92691,LBN813/IC2087,40,40,999
160205,82604,LBN814/Ced34,100,60,999
165626,87247,LBN815/DG40,10,10,999
163808,82579,LBN816,1300,300,999
157161,70624,LBN817/NGC1554,70,70,999
203542,110498,LBN818/DG66,220,100,999
160754,67600,LBN819,1500,200,999
101714,-13652,LBN820,400,80,999
162547,65188,LBN821/Sh2-239,60,30,999
203501,100898,LBN822/Sh2-240,2000,1800,999
218541,109788,LBN823/Ced61,40,40,999
218537,108889,LBN824/DG85,20,20,999
218535,108589,LBN825,100,100,999
210687,97246,LBN826/Sh2-242,70,70,999
211287,97241,LBN827/DG84,100,100,999
152252,36756,LBN828/DG28,50,50,999
143812,23910,LBN829,220,100,999
203433,84099,LBN830/Sh2-243,80,50,999
153437,31648,LBN831,300,150,999
153437,31648,LBN832,60,30,999
201015,79316,LBN833/NGC1952,80,40,999
153430,29248,LBN834,1400,250,999
143795,17910,LBN835,200,70,999
144983,13702,LBN836,800,120,999
204593,73230,LBN837,30,30,999
181107,50659,LBN838/Sh2-246,900,300,999
145576,11299,LBN839/Sh2-245,6000,300,999
227433,83803,LBN840/IC444,80,40,999
228636,84514,LBN841/Sh2-249,500,400,999
163622,25580,LBN842,2700,1200,999
221411,77727,LBN843/Sh2-247,100,100,999
226222,80932,LBN844/IC443,500,400,999
229829,82706,LBN845/DG101,400,300,999
167825,26151,LBN846/Sh2-250,100,40,999
168427,26747,LBN847,250,50,999
188897,46883,LBN848,20,20,999
163609,21380,LBN849/Sh2-251,100,20,999
190702,48190,LBN850,50,30,999
190702,48190,LBN851,150,80,999
164209,21376,LBN852,100,100,999
144346,506,LBN853,9300,1200,999
221996,73763,LBN854/NGC2175,400,300,999
220772,67292,LBN855/Ced62,30,20,999
115463,-33223,LBN856,150,150,999
193078,40973,LBN857,700,100,999
223163,64874,LBN858/Sh2-254,100,100,999
223763,64750,LBN859/IC2162,40,40,999
177406,19485,LBN860/Sh2-260,400,40,999
143705,-13890,LBN861,900,150,999
221335,56967,LBN862,300,150,999
221335,56787,LBN863/Sh2-261,420,300,999
221333,56367,LBN864,300,100,999
199663,36125,LBN865/Ced54,2700,2400,999
193042,30173,LBN866/Ced44,30,30,999
193042,30173,LBN867/Sh2-263,200,200,999
184014,21838,LBN868/Sh2-262,300,50,999
191235,28086,LBN869/Sh2-265,400,50,999
125057,-33577,LBN870,650,20,999
191227,25686,LBN871,300,50,999
190625,25091,LBN872,400,50,999
221914,50963,LBN873/Sh2-268,300,120,999
222509,49459,LBN874/Sh2-268,300,120,999
225516,51417,LBN875/Sh2-267,80,50,999
224910,49801,LBN876/Sh2-269,30,20,999
221898,46163,LBN877/Sh2-270,10,10,999
206853,33073,LBN878,300,50,999
207452,32589,LBN879/Ced59,30,20,999
191800,17162,LBN880,400,30,999
193603,18169,LBN881,450,150,999
192399,16978,LBN882,400,60,999
190593,15191,LBN883,400,50,999
191793,15182,LBN884,500,50,999
198401,17534,LBN885,700,100,999
198399,16814,LBN886,30,20,999
232087,43089,LBN887,1300,350,999
197190,13943,LBN888,550,100,999
234490,44271,LBN889,550,200,999
193578,10369,LBN890,1200,300,999
259138,60295,LBN891,1200,1200,999
198386,12734,LBN892,300,80,999
163491,-17620,LBN893,600,300,999
203194,15099,LBN894/DG70,200,40,999
234474,39471,LBN895,1200,400,999
160477,-22399,LBN896,400,100,999
162882,-20615,LBN897,250,80,999
234468,37611,LBN898/IC446,50,40,999
238074,39445,LBN899,300,150,999
164681,-20988,LBN900,260,80,999
235667,37242,LBN901/NGC2247,20,20,999
238072,38845,LBN902,90,40,999
234463,36051,LBN903/IC2169,250,200,999
235664,36582,LBN904/NGC2245,20,20,999
210398,16247,LBN905,800,600,999
168885,-19456,LBN906,400,300,999
188128,-5192,LBN907,100,80,999
216404,18003,LBN908,2400,900,999
168277,-22152,LBN909,350,100,999
186321,-7579,LBN910,450,100,999
240461,35648,LBN911/NGC2264,100,70,999
240458,34928,LBN912,450,250,999
200137,-2398,LBN913/IC423,20,20,999
200739,-1683,LBN914/DG59,20,20,999
189320,-7600,LBN915,600,200,999
183906,-12062,LBN916/NGC1788,20,20,999
172479,-21281,LBN917,700,300,999
199545,126,LBN918,15600,6000,999
191724,-6418,LBN919,500,150,999
239247,31396,LBN920/NGC2261,20,10,999
201940,-1392,LBN921/IC426,100,30,999
240450,32228,LBN922,1800,600,999
182700,-14153,LBN923,1200,600,999
204336,-2609,LBN924,150,100,999
204337,-2309,LBN925/DG71,20,20,999
247061,35960,LBN926,100,50,999
204338,-2069,LBN927/DG73,20,20,999
203143,-500,LBN928/DG67,150,100,999
238638,28641,LBN929,5400,1200,999
236230,26258,LBN930,300,200,999
236230,26258,LBN931/IC448,150,100,999
235027,25067,LBN932,550,100,999
208557,3660,LBN933/DG82,4200,300,999
208557,3660,LBN934,1400,150,999
200732,-4083,LBN935,150,50,999
236222,23858,LBN936,110,50,999
191105,-12413,LBN937,2000,800,999
208547,780,LBN938/NGC2071,70,50,999
207945,65,LBN939/NGC2064,100,100,999
200726,-5883,LBN940/NGC1990,500,100,999
235014,21167,LBN941,180,80,999
192301,-13622,LBN942,1000,100,999
236211,20258,LBN943,300,90,999
204327,-5489,LBN944/IC431,80,50,999
189288,-17800,LBN945,900,600,999
204927,-5613,LBN946/IC432,100,100,999
242822,23811,LBN947,600,100,999
235603,17863,LBN948/NGC2238,800,600,999
235603,17863,LBN949,180,180,999
202518,-8296,LBN950,700,600,999
238005,18445,LBN951,150,30,999
240408,19628,LBN952,2000,900,999
204918,-8313,LBN953/IC434,900,300,999
204918,-8313,LBN954/NGC2023,100,80,999
212733,-3570,LBN955,400,100,999
192282,-19622,LBN956/Sh2-278,500,50,999
192882,-19626,LBN957,80,80,999
203708,-11305,LBN958,600,300,999
181454,-28544,LBN959/IC2118,1800,600,999
191676,-21417,LBN960,300,200,999
194081,-19635,LBN961,300,100,999
204908,-11313,LBN962,500,60,999
199493,-16074,LBN963/DG56,80,50,999
193478,-20830,LBN964,1100,600,999
203702,-13105,LBN965,80,30,999
213325,-5975,LBN966,900,500,999
203698,-14305,LBN967,150,100,999
180843,-32140,LBN968/DG49,200,120,999
194674,-22039,LBN969,150,150,999
236776,9454,LBN970/Sh2-280,400,400,999
236776,9454,LBN971,250,200,999
236776,9454,LBN972,100,30,999
236776,9454,LBN973,200,20,999
201281,-19687,LBN974/NGC1976,900,600,999
179631,-35732,LBN975,1200,300,999
214510,-10784,LBN976,1600,400,999
202475,-21496,LBN977/NGC1980,2400,1800,999
239164,5837,LBN978/Sh2-282,400,150,999
201866,-24251,LBN979/NGC1999,20,20,999
183819,-39361,LBN980,500,120,999
165184,-51831,LBN981,1200,160,999
212080,-19766,LBN982,500,100,999
242150,1615,LBN983/Sh2-284,600,500,999
242749,1011,LBN984,400,300,999
213876,-20979,LBN985,600,200,999
243349,1007,LBN986,200,50,999
242747,411,LBN987,200,80,999
211469,-23361,LBN988,1800,600,999
208459,-26339,LBN989,600,100,999
221083,-19112,LBN990/DG91,100,30,999
186800,-44783,LBN991,700,50,999
204234,-33809,LBN992/DG75,100,50,999
221072,-22352,LBN993/Ced65,30,30,999
220470,-23007,LBN994/NGC2170,20,20,999
221070,-22832,LBN995/Ced66,30,20,999
222272,-22241,LBN996/NGC2183,20,20,999
222272,-22361,LBN997/NGC2185,20,20,999
221670,-22836,LBN998/NGC2182,30,20,999
221068,-23432,LBN999/DG92,150,100,999
222873,-22125,LBN1000/Ced71,20,20,999
199416,-39474,LBN1001,800,200,999
203023,-37100,LBN1002,500,150,999
224671,-22558,LBN1003/DG97,10,10,999
225271,-22682,LBN1004/DG98,10,10,999
198204,-43065,LBN1005,600,300,999
199999,-44278,LBN1006,500,100,999
203605,-42504,LBN1007,300,150,999
218630,-35114,LBN1008,30,20,999
206597,-44926,LBN1009,350,250,999
205391,-46717,LBN1010,2000,100,999
219214,-39618,LBN1011,2400,1200,999
251692,-17053,LBN1012/Sh2-287,120,120,999
257098,-15291,LBN1013/Sh2-288,10,10,999
243861,-26417,LBN1014/Sh2-289,80,40,999
234232,-34688,LBN1015/DG104,50,30,999
214982,-49187,LBN1016,680,350,999
231221,-38026,LBN1017,50,30,999
224602,-43258,LBN1018,430,150,999
214976,-50987,LBN1019,30,20,999
249255,-28436,LBN1020/Sh2-291,110,70,999
251657,-27853,LBN1021,20,20,999
249851,-29640,LBN1022/DG113,220,150,999
252244,-31877,LBN1023/DG114,30,30,999
258256,-28500,LBN1024,900,200,999
219152,-57618,LBN1025,1400,900,999
261848,-31525,LBN1026,1400,100,999
254627,-37474,LBN1027/IC2177,200,200,999
261844,-32725,LBN1028,700,100,999
264852,-30345,LBN1029,400,50,999
253417,-40466,LBN1030/Sh2-293,200,100,999
266652,-30358,LBN1031,400,80,999
261839,-34225,LBN1032/Sh2-294,80,70,999
255819,-39883,LBN1033/Sh2-296,1500,200,999
258226,-38099,LBN1034,1200,600,999
254014,-41370,LBN1035/Sh2-295,150,100,999
261827,-38125,LBN1036,600,300,999
255207,-43478,LBN1037/DG116,1500,200,999
257011,-42591,LBN1038,150,150,999
255205,-44138,LBN1039/Ced90,100,100,999
262998,-47133,LBN1040/IC468,200,200,999
262998,-47253,LBN1041/NGC2359,100,50,999
255155,-59078,LBN1042,70,50,999
257532,-66295,LBN1043,200,100,999
258131,-66479,LBN1044,100,90,999
267159,-59762,LBN1045,80,40,999
271356,-61230,LBN1046/Sh2-302,200,200,999
249072,-81835,LBN1047/Sh2-303,600,50,999
270137,-66922,LBN1048/Sh2-305,30,30,999
243051,-86592,LBN1049/Sh2-304,1800,300,999
270130,-68962,LBN1050/Sh2-306,300,300,999
273136,-67602,LBN1051/Sh2-307,40,40,999
248458,-85431,LBN1052/Sh2-308,200,40,999
271327,-70110,LBN1053/Sh2-309,100,100,999
263491,-78937,LBN1054,600,200,999
258072,-83099,LBN1055,1500,200,999
255055,-87278,LBN1056,700,80,999
269493,-79578,LBN1057,330,50,999
264064,-86381,LBN1058/Ced96,100,50,999
265864,-86753,LBN1059/Sh2-310,3000,900,999
268260,-88569,LBN1060,1800,200,999
271871,-86194,LBN1061,200,80,999
273655,-91006,LBN1062/Ced101,100,100,999
267612,-101165,LBN1063,900,50,999
266997,-104761,LBN1064,1800,400,999
283250,-95269,LBN1065/NGC2467,80,70,999
283250,-95269,LBN1066,100,100,999
283851,-95273,LBN1067/Sh2-311,500,300,999
262767,-111032,LBN1068,1100,150,999
353699,-26045,LBN1069,450,200,999
267566,-112565,LBN1070,1300,250,999
312134,-80444,LBN1071,800,50,999
278967,-115641,LBN1072,1200,200,999
312109,-88844,LBN1073,500,80,999
314518,-87058,LBN1074,700,100,999
316322,-86468,LBN1075,600,100,999
318116,-89478,LBN1076,700,100,999
322319,-90700,LBN1077/Sh2-312,8400,900,999
324111,-94309,LBN1078,2100,200,999
318076,-102677,LBN1079,150,100,999
319881,-102087,LBN1080,100,50,999
320484,-101490,LBN1081,800,100,999
328293,-103331,LBN1082,3600,600,999
331304,-101546,LBN1083,3000,200,999
328272,-110531,LBN1084,1200,600,999
339121,-100983,LBN1085,200,60,999
333678,-112358,LBN1086,600,450,999
339105,-106983,LBN1087,750,300,999
342097,-112397,LBN1088,1800,200,999
358353,-105264,LBN1089,1500,250,999
360734,-116073,LBN1090,1400,300,999
551436,-107456,LBN1091,900,750,999
571821,-93536,LBN1092/DG125,1300,300,999
573623,-93524,LBN1093/Sh2-1,900,100,999
576033,-95309,LBN1094/DG130,500,150,999
576022,-92309,LBN1095,600,600,999
583260,-100543,LBN1096/IC4591,120,100,999
571791,-84536,LBN1097,700,200,999
572991,-83928,LBN1098,400,100,999
576592,-83306,LBN1099/Sh2-7,1300,1000,999
593476,-101795,LBN1100,300,100,999
588035,-92232,LBN1101/Sh2-9,170,30,999
594068,-99391,LBN1102,800,100,999
595877,-101179,LBN1103,2400,1800,999
588636,-92228,LBN1104/Ced130,600,500,999
588031,-91032,LBN1105,120,40,999
588631,-91028,LBN1106,200,40,999
593454,-95795,LBN1107/IC4606,600,400,999
593451,-95195,LBN1108/DG141,1800,1200,999
591623,-88008,LBN1109/IC4603,200,50,999
594635,-90387,LBN1110/IC4605,300,150,999
591611,-84408,LBN1111/IC4604,600,250,999
591611,-84408,LBN1112,700,700,999
583753,-69459,LBN1113/IC4592,600,400,999
584954,-69452,LBN1114,2200,900,999
588567,-72428,LBN1115/Ced129,200,100,999
631964,-115924,LBN1116/Sh2-12,1500,900,999
633768,-116511,LBN1117,800,300,999
604834,-87917,LBN1118,3000,300,999
591563,-70608,LBN1119,1500,600,999
641553,-112854,LBN1120,230,200,999
642153,-112850,LBN1121/Sh2-15,450,350,999
564413,-25780,LBN1122,600,300,999
598155,-66963,LBN1123,2100,1500,999
639722,-105668,LBN1124/Sh2-16,120,120,999
640320,-105183,LBN1125/Sh2-18,20,20,999
