CCDCIEL LBN/LDN EXTRA DATABASE - Lynds' Catalogue of Dark Nebulae. Source: CDS VizieR VII/7A, Lynds B.T., Astrophys. J. Suppl. Ser. 7, 1 (1962) [1962ApJS....7....1L]. Positions precessed B1950->J2000. Size derived from Cloud_Area (2:1 axis ratio). Dec range +90..-33 (Palomar plates).
RA[0..864000], DEC[-324000..324000], name(s), length [0.1 min], width[0.1 min], orientation[degrees]
593323,-57996,LDN1,111,56,999
652356,-113375,LDN2,533,267,999
649948,-111593,LDN3,1133,566,999
613510,-79936,LDN4,30,15,999
621764,-87918,LDN5,52,26,999
617425,-83629,LDN6,109,55,999
629173,-94644,LDN7,91,45,999
603867,-69324,LDN8,139,69,999
618026,-83624,LDN9,127,63,999
646694,-108377,LDN10,26,13,999
616881,-82433,LDN11/B57,52,26,999
646935,-108435,LDN12,26,13,999
614410,-79810,LDN13,52,26,999
627062,-91960,LDN14/B260,68,34,999
614650,-79808,LDN15/B51,99,50,999
621638,-86599,LDN16,166,83,999
616818,-81833,LDN17/B246/B60,304,152,999
617421,-82429,LDN18,48,24,999
629470,-93742,LDN19/B265/B264,384,192,999
617118,-81831,LDN20,104,52,999
629468,-93382,LDN21,73,36,999
604163,-68122,LDN22,253,127,999
622358,-86293,LDN23,21,11,999
622538,-86472,LDN24,30,15,999
631512,-94267,LDN25,40,20,999
651140,-109784,LDN26,88,44,999
592711,-54400,LDN27,890,445,999
623439,-86586,LDN28,713,357,999
652103,-110257,LDN29,83,41,999
619824,-83011,LDN30,222,111,999
605966,-68709,LDN31,71,36,999
618618,-81520,LDN32,159,80,999
600843,-62745,LDN33,267,134,999
640902,-100859,LDN34,2394,1197,999
645898,-104662,LDN35/B289,68,34,999
629218,-90744,LDN36/B267,30,15,999
624037,-85981,LDN37,57,28,999
618796,-80919,LDN38,43,21,999
618976,-80978,LDN39/B317,62,31,999
646318,-104659,LDN40,82,41,999
651133,-107984,LDN41,45,23,999
631865,-92525,LDN42/B78,576,288,999
596681,-57013,LDN43,127,63,999
624035,-85381,LDN44,91,45,999
630660,-91333,LDN45,282,141,999
619817,-81212,LDN46,282,141,999
605959,-66909,LDN47,253,127,999
646917,-104415,LDN48,1186,593,999
649325,-106197,LDN49,488,244,999
627045,-87760,LDN50/B76/B73,64,32,999
619574,-80433,LDN51,88,44,999
631320,-91269,LDN52,37,19,999
625898,-86088,LDN53/B71,15,8,999
626139,-86266,LDN54/B70,21,11,999
625838,-85968,LDN55/B69,26,13,999
621018,-81203,LDN56,325,163,999
625596,-85430,LDN57/B68,26,13,999
630294,-89716,LDN58,30,15,999
624390,-84179,LDN59/B255,40,20,999
619209,-79116,LDN60,90,45,999
630834,-89712,LDN61,43,21,999
605953,-65109,LDN62,631,316,999
605953,-65109,LDN63,92,46,999
636071,-93694,LDN64,478,239,999
619808,-78812,LDN65,142,71,999
626433,-84764,LDN66/B72,45,23,999
620409,-78807,LDN67,142,71,999
652263,-105696,LDN68,37,19,999
628841,-86547,LDN69/B77/B269,708,354,999
627034,-84760,LDN70,48,24,999
620406,-78207,LDN71,180,90,999
624019,-81181,LDN72,266,133,999
630644,-87133,LDN73,252,126,999
634859,-90703,LDN74,93,47,999
652920,-104971,LDN75,125,62,999
634257,-90107,LDN76,349,174,999
623415,-80106,LDN77,34,17,999
648705,-101462,LDN78/B294,15,8,999
621003,-77303,LDN79,262,131,999
635458,-90399,LDN80,34,17,999
627026,-82840,LDN81/B74,45,23,999
639672,-93668,LDN82,720,360,999
596603,-51374,LDN83,113,57,999
633649,-88312,LDN84,274,137,999
627626,-82835,LDN85/B261,91,45,999
624615,-79977,LDN86,120,60,999
623169,-78487,LDN87,15,8,999
624312,-79379,LDN88,79,39,999
623107,-78128,LDN89,34,17,999
635755,-89496,LDN90,91,45,999
626119,-80866,LDN91/B262,61,30,999
623408,-78186,LDN92,34,17,999
649660,-100195,LDN93/B86,40,20,999
624008,-78361,LDN94,97,48,999
624007,-78061,LDN95,48,24,999
652907,-101971,LDN96,83,41,999
652425,-101435,LDN97,50,25,999
597500,-50227,LDN98,50,25,999
623403,-76986,LDN99/B63,144,72,999
621596,-75199,LDN100/B62,131,66,999
625089,-78474,LDN101,21,11,999
625510,-78771,LDN102/B67A,90,45,999
624908,-78175,LDN103,45,23,999
621595,-74899,LDN104,66,33,999
597860,-50225,LDN105,15,8,999
598040,-50224,LDN106,15,8,999
627617,-80255,LDN107,73,36,999
654107,-101962,LDN108,26,13,999
635444,-86799,LDN109/B83,40,20,999
605929,-57909,LDN110/B82/B81,285,142,999
621109,-73282,LDN111/B61,40,20,999
627011,-78760,LDN112/B75,88,44,999
635140,-85901,LDN113,97,48,999
636043,-86494,LDN114,337,169,999
608337,-59993,LDN115,180,90,999
651934,-98978,LDN116,21,11,999
627009,-78160,LDN117,199,99,999
608938,-60288,LDN118,111,56,999
649887,-97193,LDN119,280,140,999
651873,-98679,LDN120/B299,48,24,999
599902,-50451,LDN121,62,31,999
609118,-60287,LDN122,68,34,999
652593,-98673,LDN123,21,11,999
655901,-100749,LDN124,995,498,999
633628,-82912,LDN125/B272,473,236,999
637843,-86481,LDN126,288,144,999
652892,-98311,LDN127,40,20,999
630616,-79934,LDN128,431,215,999
608993,-58788,LDN129,45,23,999
639046,-87072,LDN130/B281,260,130,999
627002,-76360,LDN131,288,144,999
608932,-58488,LDN132,109,55,999
647473,-93611,LDN133,164,82,999
572191,-16733,LDN134,225,112,999
649277,-94798,LDN135,43,21,999
629409,-78142,LDN136,186,93,999
606521,-55505,LDN137,453,227,999
626397,-75164,LDN138,486,243,999
622061,-70995,LDN139/B251,162,81,999
643858,-90037,LDN140,481,241,999
606519,-54905,LDN141,133,66,999
637836,-84681,LDN142/B279,582,291,999
654087,-97162,LDN143,339,169,999
636329,-82892,LDN144/B277,82,41,999
597180,-44170,LDN145,182,91,999
609829,-57582,LDN146,123,61,999
650475,-94189,LDN147,104,52,999
603865,-51024,LDN148,52,26,999
628198,-75151,LDN149/B266,345,172,999
646258,-90020,LDN150,1762,881,999
651675,-94180,LDN151,302,151,999
605911,-52509,LDN152,488,244,999
636023,-81394,LDN153,342,171,999
637227,-82286,LDN154,337,169,999
634818,-80203,LDN155,607,304,999
598381,-44161,LDN156,171,85,999
653478,-95067,LDN157,43,21,999
604704,-50718,LDN158,113,57,999
641139,-85257,LDN159,128,64,999
639032,-83472,LDN160,111,56,999
642644,-86446,LDN161,164,82,999
605487,-51312,LDN162,169,84,999
605908,-51610,LDN163,86,43,999
634213,-78707,LDN164,120,60,999
657686,-97136,LDN165,111,56,999
649261,-90598,LDN166,43,21,999
651668,-92380,LDN167,182,91,999
631801,-75725,LDN168/B80,491,245,999
571577,-11936,LDN169,444,222,999
640230,-82864,LDN170,331,166,999
649860,-90593,LDN171,269,135,999
634809,-77803,LDN172/B274,77,39,999
622344,-66193,LDN173/B64,68,34,999
635411,-78099,LDN174,68,34,999
623006,-66668,LDN175,61,30,999
654070,-92962,LDN176,266,133,999
625775,-69169,LDN177/B259,88,44,999
631194,-73929,LDN178/B268,392,196,999
626377,-69464,LDN179,104,52,999
649855,-89093,LDN180,795,398,999
666701,-101090,LDN181,43,21,999
631794,-73925,LDN182,504,252,999
572356,-11332,LDN183,235,117,999
631191,-73029,LDN185/B270,157,79,999
638416,-79277,LDN186,262,131,999
655268,-92654,LDN187,399,199,999
643832,-83437,LDN188,261,131,999
637811,-78081,LDN189,370,185,999
604991,-46516,LDN190,71,36,999
604689,-45918,LDN191,190,95,999
630584,-71234,LDN192,252,126,999
633595,-73912,LDN193,154,77,999
655865,-91749,LDN194,269,135,999
657548,-92637,LDN195/B306,26,13,999
654058,-89962,LDN196,21,11,999
655863,-91209,LDN197,57,28,999
656163,-91327,LDN198,48,24,999
657064,-91620,LDN199,15,8,999
654055,-89362,LDN200,491,245,999
660071,-93519,LDN201,889,445,999
635093,-73301,LDN202,167,84,999
656640,-90604,LDN203,30,15,999
604681,-43518,LDN204,196,98,999
663676,-94992,LDN205,77,39,999
630574,-68534,LDN206,903,452,999
639002,-75672,LDN207/B280,677,339,999
655853,-88749,LDN208,86,43,999
634786,-71503,LDN209,55,27,999
653506,-86846,LDN210/B303,15,8,999
653746,-86965,LDN211,43,21,999
654648,-87558,LDN212,146,73,999
653444,-86427,LDN213/B302,15,8,999
653444,-86307,LDN214,15,8,999
646823,-81015,LDN215,1423,711,999
634783,-70783,LDN216/B79,50,25,999
664872,-94084,LDN217,45,23,999
645016,-79109,LDN218,76,38,999
635685,-71197,LDN219,139,69,999
630567,-66494,LDN220,40,20,999
654644,-86358,LDN221,609,305,999
636705,-71189,LDN222,15,8,999
636464,-70951,LDN223,15,8,999
653137,-84569,LDN224,59,29,999
631768,-66725,LDN225,142,71,999
636344,-70772,LDN226,26,13,999
654039,-85163,LDN227/B90,107,54,999
636463,-70651,LDN228,21,11,999
636102,-70234,LDN229,21,11,999
653436,-84447,LDN230,26,13,999
636222,-70293,LDN231/B83A,15,8,999
651028,-82185,LDN232,140,70,999
639049,-72072,LDN233,15,8,999
605270,-39914,LDN234,568,284,999
639891,-72666,LDN235/B84,93,47,999
663661,-91092,LDN236,82,41,999
648619,-79802,LDN237,347,173,999
597441,-31568,LDN238,111,56,999
668050,-93640,LDN239/B98,64,32,999
670274,-94944,LDN240,71,36,999
654934,-83956,LDN241,69,35,999
655295,-84253,LDN242,48,24,999
655234,-83954,LDN243,347,173,999
607072,-40501,LDN244,140,70,999
666662,-91670,LDN245,318,159,999
638982,-70273,LDN246,1514,757,999
662451,-88401,LDN247,88,44,999
669666,-92849,LDN248,109,55,999
654023,-80963,LDN249,209,104,999
662025,-86904,LDN250,21,11,999
665453,-89279,LDN251,206,103,999
661904,-86605,LDN252,30,15,999
672068,-93431,LDN253,397,199,999
641985,-70851,LDN254,232,116,999
604656,-35718,LDN255,86,43,999
657029,-82741,LDN256,294,147,999
654622,-80658,LDN257,131,66,999
638974,-67873,LDN258,203,102,999
663042,-86357,LDN259,73,36,999
604652,-34518,LDN260,130,65,999
633551,-61912,LDN261,248,124,999
649803,-75593,LDN262,45,23,999
669654,-89849,LDN263,746,373,999
641374,-67855,LDN264,180,90,999
658222,-80932,LDN265,275,138,999
666644,-86871,LDN266,310,155,999
662131,-83303,LDN267,34,17,999
662131,-83303,LDN268,34,17,999
665739,-85677,LDN269/B276,97,48,999
641367,-66055,LDN270,321,161,999
654607,-76758,LDN271,61,30,999
658818,-79727,LDN272/B308,127,63,999
638657,-63375,LDN273,40,20,999
653582,-75446,LDN274,68,34,999
655205,-76274,LDN275,15,8,999
638354,-62477,LDN276,99,50,999
639256,-62950,LDN277,34,17,999
611261,-36872,LDN278,513,257,999
643770,-66637,LDN279,325,163,999
611259,-36272,LDN280,240,120,999
650989,-71985,LDN281,542,271,999
655802,-75549,LDN282,109,55,999
635337,-57699,LDN283,1047,523,999
669633,-84449,LDN284,214,107,999
645567,-66024,LDN285,221,111,999
649178,-68998,LDN286,162,81,999
625702,-48169,LDN287,190,95,999
646770,-66615,LDN288,107,54,999
648574,-67802,LDN289,79,39,999
637737,-57681,LDN290,550,275,999
660002,-75519,LDN291,251,125,999
646643,-64816,LDN292,107,54,999
646763,-64816,LDN293,680,340,999
667218,-80266,LDN294,21,11,999
667699,-80443,LDN295,21,11,999
667518,-80264,LDN296,21,11,999
676238,-86201,LDN297,201,100,999
647363,-64811,LDN298,156,78,999
612450,-33263,LDN299,218,109,999
678641,-87384,LDN300,291,146,999
669260,-80971,LDN301,64,32,999
646519,-63617,LDN302/B84A,96,48,999
652776,-68372,LDN303/B304/B301,2031,1016,999
652776,-68372,B297,2031,1016,999
669015,-79653,LDN304,68,34,999
641941,-58551,LDN305,978,489,999
661917,-74305,LDN306,76,38,999
651749,-66399,LDN307,15,8,999
652049,-66337,LDN308,15,8,999
666607,-77271,LDN309,57,28,999
652168,-66096,LDN310,30,15,999
677730,-84390,LDN311,227,113,999
642537,-57646,LDN312,773,387,999
668108,-77560,LDN313/B99,64,32,999
660588,-71914,LDN314,908,454,999
658782,-70128,LDN315,1173,586,999
674840,-81411,LDN316,157,79,999
612437,-29063,LDN317,606,303,999
647948,-60607,LDN318,45,23,999
649148,-60598,LDN319,99,50,999
647944,-59407,LDN320,570,285,999
678199,-81507,LDN321,76,38,999
659975,-68319,LDN322,544,272,999
657325,-65458,LDN323/B92,61,30,999
625066,-37373,LDN324,1153,576,999
644325,-54033,LDN325,454,227,999
641917,-51951,LDN326,83,41,999
658164,-65032,LDN327/B93,50,25,999
658163,-64792,LDN328,15,8,999
672298,-75129,LDN329,109,55,999
642276,-51408,LDN330/B284,50,25,999
658160,-64132,LDN331,34,17,999
660564,-65315,LDN332,57,28,999
654548,-60558,LDN333,338,169,999
671992,-73632,LDN334,131,66,999
659480,-64122,LDN335/B307,30,15,999
659961,-64419,LDN336,104,52,999
646723,-53476,LDN337,71,36,999
645519,-52224,LDN338,88,44,999
645940,-52521,LDN339,61,30,999
647320,-52571,LDN340,90,45,999
647621,-52809,LDN341,50,25,999
661158,-63510,LDN342,427,213,999
665367,-66240,LDN343,476,238,999
673185,-71823,LDN344/B315,61,30,999
644308,-49233,LDN345,235,117,999
673785,-71819,LDN346,61,30,999
652731,-55772,LDN347,209,104,999
653933,-56363,LDN348,79,39,999
642680,-46845,LDN349,50,25,999
664759,-64084,LDN350/B310,182,91,999
662352,-62001,LDN351,82,41,999
639488,-43268,LDN352,1097,548,999
667765,-65862,LDN353,874,437,999
662953,-62117,LDN354,82,41,999
643096,-45642,LDN355,131,66,999
666258,-63773,LDN356/B311,50,25,999
657534,-56637,LDN357,186,93,999
643694,-45038,LDN358,415,207,999
661743,-59306,LDN359,1070,535,999
643031,-44143,LDN360,45,23,999
643210,-43841,LDN361,52,26,999
665951,-61675,LDN362,326,163,999
647300,-46811,LDN363,708,354,999
668956,-63453,LDN364,153,76,999
673766,-66419,LDN365,146,73,999
641875,-39651,LDN367,428,214,999
651202,-47383,LDN368,596,298,999
675682,-65505,LDN369,61,30,999
666359,-58372,LDN370,45,23,999
622615,-21791,LDN371,483,242,999
666357,-57832,LDN372,15,8,999
627427,-25356,LDN373,301,150,999
665934,-56875,LDN374,282,141,999
653300,-46767,LDN375,164,82,999
661720,-52706,LDN376,409,205,999
703381,-80611,LDN377,21,11,999
670135,-57445,LDN378,142,71,999
666525,-54471,LDN379/B312,204,102,999
661712,-50306,LDN380,243,122,999
670433,-56843,LDN381,34,17,999
640651,-32460,LDN382,224,112,999
649676,-39594,LDN383,416,208,999
649672,-38694,LDN384,1281,640,999
668921,-53434,LDN385,50,25,999
655687,-43150,LDN386,2070,1035,999
623191,-14586,LDN387,354,177,999
667714,-51162,LDN388,1162,581,999
667713,-50862,LDN389,167,83,999
669516,-52049,LDN390,184,92,999
621380,-10999,LDN391,300,150,999
644245,-30634,LDN392,48,24,999
638829,-25873,LDN393,2141,1070,999
661090,-44010,LDN394,586,293,999
671312,-50836,LDN395,309,154,999
667221,-47566,LDN396,30,15,999
649655,-33594,LDN397,255,127,999
667702,-47862,LDN398,50,25,999
664093,-44889,LDN399,491,245,999
645442,-29725,LDN400,148,74,999
670888,-49639,LDN401/B102,40,20,999
665896,-45775,LDN402,37,19,999
670104,-48445,LDN403,50,25,999
665893,-44875,LDN404,55,27,999
661681,-41306,LDN405,1551,776,999
663485,-42493,LDN406/B95,413,207,999
668898,-46654,LDN407,279,139,999
654457,-34159,LDN408,330,165,999
673103,-48423,LDN409,578,289,999
673703,-48419,LDN410,1070,535,999
664681,-41284,LDN411,48,24,999
667086,-43067,LDN412,64,32,999
663958,-40389,LDN413,48,24,999
662573,-39020,LDN414,48,24,999
662871,-38297,LDN415/B96/B94,179,90,999
663171,-38295,LDN416,34,17,999
663170,-38175,LDN417,26,13,999
656853,-32941,LDN418,191,96,999
655647,-31150,LDN419,157,79,999
663467,-37093,LDN420,48,24,999
644573,-20911,LDN421,68,34,999
655041,-29354,LDN422,40,20,999
664665,-36784,LDN423,52,26,999
656845,-30541,LDN424,173,87,999
640120,-16864,LDN425,62,31,999
654919,-28635,LDN426,15,8,999
664060,-35289,LDN427,30,15,999
640598,-16260,LDN428,291,146,999
658043,-29933,LDN429,125,62,999
655035,-27434,LDN430,26,13,999
656237,-28146,LDN431,146,73,999
647213,-20712,LDN432,43,21,999
673679,-41219,LDN433,626,313,999
673679,-41219,LDN434,504,252,999
667662,-35862,LDN435/B97,1387,694,999
656832,-26641,LDN436,37,19,999
660139,-28717,LDN437,193,97,999
656529,-25744,LDN438,43,21,999
647804,-18007,LDN439,204,102,999
659833,-26919,LDN440,57,28,999
650208,-19190,LDN441,766,383,999
646598,-16216,LDN442,57,28,999
667652,-32863,LDN443/B100/B101,102,51,999
649604,-17994,LDN444,486,243,999
670658,-34641,LDN445/B314,140,70,999
666446,-31071,LDN446,179,90,999
657423,-23937,LDN447,354,177,999
670054,-33445,LDN448,79,39,999
679074,-39980,LDN449,107,54,999
667646,-31063,LDN450,105,52,999
661029,-25711,LDN451,71,36,999
682079,-41759,LDN452,540,270,999
662833,-26898,LDN453,746,373,999
665239,-28680,LDN454,179,90,999
670652,-32841,LDN455,64,32,999
679672,-39376,LDN456/B321,86,43,999
682077,-41159,LDN458,540,270,999
673657,-34619,LDN459,829,415,999
647189,-13512,LDN460,37,19,999
653806,-18563,LDN461,164,82,999
652000,-16777,LDN462,97,48,999
667038,-28667,LDN463,479,239,999
679668,-38176,LDN464,88,44,999
659817,-22119,LDN466,52,26,999
659395,-21523,LDN467,37,19,999
648386,-12603,LDN468,61,30,999
656085,-18367,LDN469,26,13,999
659212,-20624,LDN470,40,20,999
659813,-20919,LDN471,113,57,999
656504,-17944,LDN472,86,43,999
670638,-28641,LDN473,227,113,999
679057,-34880,LDN474,635,318,999
659509,-19722,LDN475,82,41,999
659208,-19424,LDN476,30,15,999
659508,-19422,LDN477,37,19,999
655598,-16150,LDN478,154,77,999
659505,-18522,LDN479,26,13,999
674843,-30411,LDN480,318,159,999
663415,-21493,LDN481,1290,645,999
659505,-18402,LDN482,57,28,999
658602,-17328,LDN483,93,47,999
671832,-26832,LDN484,655,327,999
670026,-25045,LDN485,390,195,999
651980,-10777,LDN486,592,296,999
658116,-15532,LDN487,30,15,999
657995,-15233,LDN488,30,15,999
665211,-20280,LDN489,234,117,999
657090,-13739,LDN490,21,11,999
664609,-19684,LDN491,245,123,999
657390,-13737,LDN492,43,21,999
655584,-11950,LDN493,136,68,999
670200,-23244,LDN494,50,25,999
671343,-23956,LDN495,21,11,999
676635,-27998,LDN496/B109,533,267,999
671522,-23834,LDN497/B103,79,39,999
672002,-23951,LDN498,30,15,999
672420,-23228,LDN499,107,54,999
657984,-11933,LDN500,30,15,999
658584,-11928,LDN501,71,36,999
652507,-6693,LDN502,34,17,999
665499,-16678,LDN503,43,21,999
659182,-11324,LDN504,21,11,999
659783,-11620,LDN505,40,20,999
676624,-24698,LDN506/B105,15,8,999
657016,-9420,LDN507,61,30,999
653764,-5964,LDN508,91,45,999
680229,-26292,LDN509/B118/B117,26,13,999
656771,-8042,LDN510,107,54,999
663388,-13093,LDN511,431,216,999
679927,-25574,LDN512/B116,123,61,999
654363,-5599,LDN513,171,85,999
679745,-24975,LDN514/B114,34,17,999
670603,-17841,LDN515,1391,695,999
678841,-23782,LDN516,79,39,999
675110,-20208,LDN517,246,123,999
679921,-23774,LDN518/B115,26,13,999
655559,-4150,LDN519,178,89,999
660972,-8311,LDN520,149,75,999
679493,-21257,LDN521,57,28,999
679012,-20781,LDN522/B320,201,100,999
677508,-19591,LDN523,118,59,999
675402,-17806,LDN524,368,184,999
671191,-14237,LDN525,704,352,999
663972,-8289,LDN526,455,228,999
675880,-17203,LDN527,34,17,999
676300,-17200,LDN528,247,124,999
675397,-16006,LDN529,243,122,999
677800,-17189,LDN530/B107/B106,169,84,999
677800,-17189,B110,169,84,999
687663,-24619,LDN531/B133,34,17,999
676296,-15700,LDN532/B104,61,30,999
662160,-4702,LDN533,71,36,999
679602,-17776,LDN534/B111/B108,854,427,999
679602,-17776,B119A/B117A/B323,854,427,999
679602,-17776,B325,854,427,999
670279,-10403,LDN535,82,41,999
668775,-9154,LDN536,241,120,999
661557,-3507,LDN537,350,175,999
669978,-10045,LDN538,175,87,999
662398,-3860,LDN539,71,36,999
687658,-23119,LDN540,161,80,999
669794,-8847,LDN541,99,50,999
685009,-20138,LDN542/B130,131,66,999
688015,-22217,LDN543/B134,40,20,999
684947,-19538,LDN544/B127,40,20,999
682060,-17159,LDN545/B122,37,19,999
682540,-17155,LDN546,40,20,999
678390,-13885,LDN547,726,363,999
677788,-13289,LDN548/B113,479,239,999
685305,-18936,LDN549/B129,37,19,999
688610,-20712,LDN550,844,422,999
682716,-15954,LDN551/B123,21,11,999
686625,-18926,LDN552/B327,86,43,999
685903,-18332,LDN553,68,34,999
688849,-20411,LDN554,82,41,999
672912,-8224,LDN555/B316,43,21,999
683497,-16249,LDN556/B126,173,86,999
671166,-6437,LDN557,204,102,999
670564,-5841,LDN558,315,157,999
667556,-3463,LDN559,1974,987,999
672968,-7024,LDN560,99,50,999
682590,-14155,LDN561/B121/B120,596,298,999
682590,-14155,B119,596,298,999
685596,-16234,LDN562/B131,68,34,999
671763,-5532,LDN563,757,378,999
670559,-4341,LDN564,218,109,999
681385,-12663,LDN565,560,280,999
678377,-9985,LDN566,107,54,999
686496,-16107,LDN567/B132/B328,74,37,999
683668,-13547,LDN568/B324,48,24,999
659127,5476,LDN569,2665,1333,999
663951,-1689,LDN570,123,61,999
666345,128,LDN571,180,90,999
666345,128,LDN572,1791,896,999
665150,-1380,LDN573,77,39,999
688295,-15915,LDN574,118,59,999
664853,-2283,LDN575,134,67,999
666890,-1368,LDN576,34,17,999
687390,-14121,LDN577,424,212,999
666711,-1789,LDN578,43,21,999
681373,-8764,LDN579,626,313,999
689191,-14708,LDN580,97,48,999
688470,-14113,LDN581/B136/B135,128,64,999
679568,-6976,LDN582,255,127,999
668138,2241,LDN583,139,69,999
681971,-8159,LDN584,133,66,999
662121,7298,LDN585,550,275,999
671445,165,LDN586,88,44,999
671745,167,LDN587,146,73,999
669651,-1648,LDN588,88,44,999
679562,-5176,LDN589,621,310,999
687979,-10817,LDN590/B326,1514,757,999
669954,-2845,LDN591,275,138,999
665122,7320,LDN592,50,25,999
671752,-2232,LDN593,325,163,999
684365,-6342,LDN594,34,17,999
711424,-26557,LDN595,109,55,999
676903,805,LDN596,118,59,999
678464,276,LDN597,64,32,999
676057,2599,LDN598,15,8,999
678944,519,LDN599,71,36,999
666312,10328,LDN600,82,41,999
676056,2899,LDN601,15,8,999
678946,-261,LDN602,26,13,999
675815,3197,LDN603,30,15,999
678943,819,LDN604,187,93,999
676055,3199,LDN605,21,11,999
678948,-681,LDN606,21,11,999
676853,-2496,LDN607,184,92,999
678950,-1581,LDN608,30,15,999
678951,-1881,LDN609,26,13,999
677755,-3089,LDN610,172,86,999
681408,-963,LDN611,59,29,999
681590,-1562,LDN612,26,13,999
682069,-1258,LDN613,40,20,999
682069,-1258,LDN614,86,43,999
695768,-7462,LDN615,556,278,999
676522,7402,LDN616,740,370,999
682533,3845,LDN617,413,207,999
693359,-4479,LDN618/B137,64,32,999
694862,-5249,LDN619/B139,61,30,999
696358,-4158,LDN620,64,32,999
676508,11602,LDN621,3211,1606,999
690949,-1196,LDN622,261,130,999
716796,-17522,LDN623,855,428,999
687328,5679,LDN624,334,167,999
687928,5683,LDN625,21,11,999
687927,5983,LDN626,26,13,999
692436,3015,LDN627/B138,828,414,999
683106,12369,LDN628,677,339,999
694533,3929,LDN629,300,150,999
671375,21765,LDN630,263,131,999
691517,9308,LDN631/B329,68,34,999
696328,5742,LDN632/B141,419,209,999
672563,25374,LDN633,131,66,999
672858,27176,LDN634,116,58,999
689699,14876,LDN635,15,8,999
687893,16783,LDN636,225,112,999
672850,29576,LDN637,83,41,999
678261,26315,LDN638,2141,1070,999
691489,18308,LDN639,560,280,999
697500,14750,LDN640,609,305,999
693889,18325,LDN641,295,148,999
695689,18337,LDN642/B140,356,178,999
698452,17396,LDN643,59,29,999
695672,23737,LDN644,732,366,999
695664,26437,LDN645,1070,535,999
692655,29116,LDN646,760,380,999
695962,27039,LDN647/B330,217,109,999
671596,45767,LDN648,50,25,999
691448,31208,LDN649,2296,1148,999
671892,46969,LDN650,107,54,999
695656,29137,LDN651,76,38,999
695052,30333,LDN652,223,112,999
673392,46980,LDN653,384,192,999
701668,25578,LDN654/B331/B332,1022,511,999
696191,30761,LDN655,68,34,999
696792,30465,LDN656,15,8,999
696847,32025,LDN657,131,66,999
696544,32743,LDN658,61,30,999
672780,50576,LDN659,578,289,999
670373,52358,LDN660,723,361,999
697085,32747,LDN661,43,21,999
682402,44644,LDN662,309,154,999
706164,27229,LDN663/B335,34,17,999
696537,35143,LDN664,205,102,999
671869,53569,LDN665,133,66,999
672467,54173,LDN666,173,87,999
687207,43478,LDN667,776,388,999
710067,26535,LDN668/B338,92,46,999
685398,46166,LDN669/B128,542,271,999
709464,27431,LDN670,196,98,999
706455,30411,LDN671,153,76,999
712471,25650,LDN672,397,198,999
696520,40543,LDN673,214,107,999
701031,37574,LDN674,324,162,999
698382,39956,LDN675,26,13,999
696937,41446,LDN676,37,19,999
697417,41629,LDN677,37,19,999
710654,31038,LDN678,107,54,999
692001,45912,LDN679,463,232,999
710834,31100,LDN680,40,20,999
710652,31638,LDN681/B339,123,61,999
701325,39376,LDN682/B333,109,55,999
696812,42945,LDN683,154,77,999
697107,44747,LDN684,206,103,999
701920,41180,LDN685,92,46,999
698007,44753,LDN686,45,23,999
707153,37495,LDN687,37,19,999
707272,37736,LDN688/B142,61,30,999
708235,37023,LDN689,114,57,999
708415,37204,LDN690,90,45,999
701614,42978,LDN691,120,60,999
697401,46549,LDN692,107,54,999
690180,52199,LDN693,1974,987,999
708408,39424,LDN694/B143,158,79,999
710634,37638,LDN695,284,142,999
701606,45378,LDN696,66,33,999
685359,57866,LDN697,359,179,999
699680,47165,LDN698,52,26,999
701604,45978,LDN699,68,34,999
708765,40506,LDN700,34,17,999
704972,44201,LDN701/B334,61,30,999
705872,44207,LDN702/B336,34,17,999
712551,39031,LDN703,68,34,999
700092,49568,LDN704,149,75,999
706110,44808,LDN705/B337,140,70,999
660078,78324,LDN706,43,21,999
713204,41255,LDN707/B340,74,37,999
685340,63265,LDN708,68,34,999
692558,59116,LDN709,21,11,999
685334,65065,LDN710,102,51,999
685334,65065,LDN711,1173,586,999
683527,66853,LDN712,445,223,999
691349,61508,LDN713,957,479,999
691339,64508,LDN714,45,23,999
687122,68678,LDN715,162,81,999
697952,61553,LDN716,1791,896,999
693739,64824,LDN717,184,92,999
691330,66908,LDN718,347,173,999
685913,71070,LDN719,142,71,999
706376,55610,LDN720,1267,633,999
702760,60086,LDN721,2087,1043,999
698536,66357,LDN722,73,36,999
694925,69213,LDN723,48,24,999
691312,72307,LDN724,1173,586,999
700941,65414,LDN725,34,17,999
711774,57446,LDN726,83,41,999
702741,65786,LDN727,64,32,999
689498,75895,LDN728,479,239,999
708216,62223,LDN729,73,36,999
696116,71741,LDN730,73,36,999
706951,63414,LDN731,249,124,999
695813,72639,LDN732,64,32,999
710559,61638,LDN733,302,151,999
688885,79491,LDN734,389,194,999
697311,73549,LDN735,66,33,999
692493,77716,LDN736,389,194,999
708144,65822,LDN737,133,66,999
696704,75345,LDN738,119,60,999
698510,74157,LDN739,297,148,999
700917,72374,LDN740,933,467,999
696702,75945,LDN741,1267,633,999
703925,70594,LDN742,104,52,999
707056,68215,LDN743,57,28,999
695677,77138,LDN744,79,39,999
712953,64054,LDN745,335,168,999
697300,76669,LDN746,90,45,999
708738,67926,LDN747,62,31,999
699104,75961,LDN748,361,181,999
693083,80720,LDN749,260,130,999
694888,79532,LDN750,1354,677,999
696634,78284,LDN751,26,13,999
707349,70317,LDN752,52,26,999
712948,65854,LDN753,34,17,999
712342,67350,LDN754,43,21,999
700300,77170,LDN755,196,98,999
700601,77172,LDN756,40,20,999
709330,70450,LDN757,87,43,999
712039,68248,LDN758,82,41,999
690059,86699,LDN759,286,143,999
702096,78682,LDN760,48,24,999
705708,76006,LDN761,163,82,999
695955,83440,LDN762,48,24,999
695171,84334,LDN763,43,21,999
695471,84336,LDN764,135,67,999
710522,73038,LDN765,96,48,999
713532,70658,LDN766,488,244,999
699083,81961,LDN767,215,107,999
700886,81374,LDN768,159,80,999
698478,83157,LDN769,61,30,999
703294,79590,LDN770,281,140,999
696431,84703,LDN771,34,17,999
699078,83161,LDN772,125,62,999
697513,84351,LDN773,30,15,999
697753,84352,LDN774,21,11,999
698173,84355,LDN775,76,38,999
705096,79602,LDN776,348,174,999
691246,90307,LDN777,228,114,999
700272,85269,LDN778,99,50,999
702077,84082,LDN779,179,90,999
692442,91516,LDN780,171,85,999
700871,85574,LDN781,104,52,999
700869,86173,LDN782,48,24,999
700266,86769,LDN783,107,54,999
701467,86778,LDN784,299,150,999
704470,86798,LDN785,40,20,999
702964,87988,LDN786,93,47,999
715905,79673,LDN787,2345,1173,999
704161,89196,LDN788,40,20,999
713784,85060,LDN789,57,28,999
705049,92502,LDN790,34,17,999
713780,86260,LDN791,148,74,999
706251,92510,LDN792,182,91,999
707755,91620,LDN793,123,61,999
706238,95810,LDN794,252,126,999
706238,95810,LDN795,252,126,999
710446,94938,LDN796,57,28,999
723396,84521,LDN797,55,27,999
712251,94050,LDN798,757,378,999
709537,97032,LDN799,77,39,999
710440,96438,LDN800,91,45,999
722065,87513,LDN801,97,48,999
719834,89899,LDN802,34,17,999
709413,98231,LDN803,66,33,999
709713,98113,LDN804,64,32,999
720978,89126,LDN805,34,17,999
710616,97639,LDN806,37,19,999
710192,98536,LDN807,76,38,999
711034,98242,LDN808,57,28,999
722475,90515,LDN809,710,355,999
711026,100642,LDN810,104,52,999
708010,103922,LDN811,241,120,999
711018,102742,LDN812,182,91,999
709808,104834,LDN813,227,113,999
722455,96215,LDN814,86,43,999
712211,104849,LDN815,729,365,999
705583,109906,LDN816,76,38,999
708593,108426,LDN817,1070,535,999
730273,94163,LDN818,1514,757,999
712794,109353,LDN819,164,82,999
710984,111442,LDN820,294,147,999
706276,116810,LDN821,40,20,999
712169,115649,LDN822,743,372,999
725415,108534,LDN823,574,287,999
729631,105860,LDN824,220,110,999
715158,119269,LDN825,685,343,999
713349,120757,LDN826,112,56,999
730829,106947,LDN827,112,56,999
714551,120765,LDN828,66,33,999
715935,120414,LDN829,50,25,999
715148,121609,LDN830,59,29,999
716351,121377,LDN831,52,26,999
716951,121560,LDN832,71,36,999
716951,121680,LDN833,586,293,999
716341,123837,LDN834,59,29,999
716036,124855,LDN835,57,28,999
716036,124975,LDN836,52,26,999
734361,110808,LDN837,43,21,999
734421,110809,LDN838,43,21,999
719951,122900,LDN839,566,283,999
716570,126478,LDN840,159,79,999
726576,119341,LDN841,2622,1311,999
732001,115174,LDN842,61,30,999
732423,114937,LDN843,40,20,999
738269,110411,LDN844,68,34,999
723013,123699,LDN845,214,107,999
745260,105051,LDN846,829,415,999
721138,126507,LDN847/B341,829,415,999
723185,125500,LDN848,50,25,999
722761,126397,LDN849,50,25,999
727163,122945,LDN850,428,214,999
738197,114011,LDN851,68,34,999
723542,126522,LDN852,83,41,999
724142,126826,LDN853/B147,21,11,999
718714,130992,LDN854,157,79,999
719135,130995,LDN855,43,21,999
724924,126651,LDN856,59,29,999
721122,130107,LDN857/B144,428,214,999
726670,125822,LDN858,214,107,999
738849,116415,LDN859,59,29,999
722927,129819,LDN860/B146,15,8,999
720271,132382,LDN861,34,17,999
724115,133126,LDN862,428,214,999
724654,133609,LDN863,34,17,999
745224,115851,LDN864,1070,535,999
722539,135996,LDN865/B145,131,66,999
724283,136007,LDN866,199,99,999
719939,139400,LDN867,50,25,999
748230,115868,LDN868,387,194,999
719866,142099,LDN869,88,44,999
742178,126634,LDN870,2394,1197,999
723468,143322,LDN871,125,62,999
721051,145707,LDN872,138,69,999
744584,126647,LDN873,474,237,999
745185,126651,LDN874,474,237,999
724667,143930,LDN875,30,15,999
725571,143635,LDN876,82,41,999
728577,143654,LDN877,40,20,999
725257,146393,LDN878,26,13,999
732495,141577,LDN879,30,15,999
728270,145152,LDN880/B343,59,29,999
730683,143367,LDN881,34,17,999
731588,142772,LDN882,21,11,999
731889,142774,LDN883,26,13,999
723439,149322,LDN884,531,265,999
725549,148135,LDN885/B342,21,11,999
731282,143970,LDN886,491,245,999
722218,152914,LDN887,66,33,999
731271,146370,LDN888/B344,1011,506,999
734888,144592,LDN889/B347,428,214,999
722210,154414,LDN890,111,56,999
728241,151152,LDN891,50,25,999
729447,150559,LDN892,111,56,999
727635,152048,LDN893,88,44,999
729445,150859,LDN894,30,15,999
729432,153559,LDN895,1137,568,999
745121,142851,LDN896,80,40,999
734854,151792,LDN897,159,80,999
745119,143451,LDN898,127,63,999
734244,153588,LDN899,64,32,999
734844,153892,LDN900,61,30,999
732909,155980,LDN901,37,19,999
733029,155981,LDN902,15,8,999
725175,162233,LDN903,34,17,999
751746,141087,LDN904,1354,677,999
725772,163137,LDN905,64,32,999
742073,151834,LDN906/B348/B346,1902,951,999
742073,151834,B349,1902,951,999
747146,147662,LDN907,104,52,999
731791,162574,LDN908,290,145,999
731791,162574,LDN909,938,469,999
731788,163174,LDN910,50,25,999
744468,154547,LDN911,55,27,999
760778,139334,LDN912,428,214,999
734556,163190,LDN913,50,25,999
751107,150084,LDN914,1093,546,999
747233,155162,LDN915,40,20,999
754725,148303,LDN916,574,287,999
744146,158925,LDN917,15,8,999
744568,158748,LDN918,30,15,999
739612,163040,LDN919,15,8,999
739611,163220,LDN920,15,8,999
739913,162981,LDN921,21,11,999
743235,160540,LDN922,34,17,999
740818,162627,LDN923,111,56,999
740213,163223,LDN925,21,11,999
741236,163169,LDN926,21,11,999
758338,147961,LDN927,76,38,999
744620,160548,LDN928,26,13,999
741416,163230,LDN929,21,11,999
742139,163234,LDN930,21,11,999
748665,157870,LDN931,55,27,999
759530,150727,LDN932,30,15,999
751669,159087,LDN933,174,87,999
760249,151631,LDN934,50,25,999
754082,157899,LDN935/B152,718,359,999
751050,162683,LDN936,458,229,999
761929,152840,LDN937,1365,683,999
761324,153737,LDN938,269,135,999
738652,173414,LDN939,2141,1070,999
752247,164130,LDN940,186,93,999
754049,164979,LDN941/B153,155,78,999
765831,155559,LDN942,37,19,999
766009,156219,LDN943,45,23,999
766613,155862,LDN944,21,11,999
754639,167502,LDN945,191,96,999
767393,156466,LDN946,15,8,999
767998,155929,LDN947,43,21,999
768420,155691,LDN948,15,8,999
767633,156707,LDN949,57,28,999
756324,167811,LDN950/B356,160,80,999
768660,155932,LDN951,34,17,999
768296,156470,LDN952,15,8,999
768840,156173,LDN953,15,8,999
757036,169915,LDN954,321,161,999
754615,172302,LDN955,136,68,999
762959,165505,LDN956,26,13,999
756423,172012,LDN957,242,121,999
755393,173206,LDN958,52,26,999
763070,167545,LDN959,135,67,999
761132,169816,LDN960,26,13,999
761311,170057,LDN961,37,19,999
757015,174115,LDN962,391,195,999
764275,167551,LDN963,154,77,999
761731,170539,LDN964,37,19,999
767899,165169,LDN965,314,157,999
756098,176510,LDN966,199,99,999
762149,171261,LDN967,189,95,999
769530,163976,LDN968,57,28,999
776364,156927,LDN969,64,32,999
763658,170548,LDN970/B361,168,84,999
756515,177532,LDN971,48,24,999
768799,166073,LDN972,107,54,999
778477,155616,LDN973/B159,82,41,999
767586,167867,LDN974,210,105,999
763047,172345,LDN975,131,66,999
770487,165661,LDN976,0,0,999
779380,155620,LDN977,88,44,999
756688,178913,LDN978,214,107,999
779679,156101,LDN979,21,11,999
770906,166383,LDN980,0,0,999
755774,180709,LDN981,87,43,999
757467,179697,LDN982,66,33,999
775440,162203,LDN983/B156/B155,125,62,999
756979,180715,LDN984,113,57,999
755465,182087,LDN985,87,43,999
775438,162803,LDN986,135,67,999
756487,182452,LDN987,45,23,999
758787,180724,LDN988,219,110,999
769077,171174,LDN989,566,283,999
755330,184606,LDN990,108,54,999
757387,183177,LDN991,61,30,999
752722,187293,LDN992,135,68,999
771971,170708,LDN993,15,8,999
771606,171546,LDN994,45,23,999
772030,171068,LDN995,15,8,999
754532,187002,LDN996,135,68,999
771967,171668,LDN997,15,8,999
758465,184322,LDN998,199,99,999
760584,182533,LDN999,1285,642,999
759978,183130,LDN1000,242,121,999
772389,171669,LDN1001,15,8,999
753913,189699,LDN1002,672,336,999
755728,188508,LDN1003,135,67,999
756933,188515,LDN1004,200,100,999
764200,182551,LDN1005,1267,633,999
774797,172100,LDN1006,95,47,999
771164,175984,LDN1007/B363,187,94,999
772065,176588,LDN1008,55,27,999
776302,172407,LDN1009,118,59,999
779327,169420,LDN1010,204,102,999
759947,188530,LDN1011,134,67,999
776479,173188,LDN1012,69,35,999
756308,192112,LDN1013,105,52,999
770421,180001,LDN1014,30,15,999
756304,192712,LDN1015,106,53,999
767871,183649,LDN1016,26,13,999
771202,180604,LDN1017/B362,79,39,999
758721,191824,LDN1018,61,30,999
768595,183412,LDN1019,26,13,999
781735,170030,LDN1020,177,88,999
768955,183714,LDN1021,15,8,999
761745,190339,LDN1022,296,148,999
755079,195705,LDN1023,253,127,999
781369,171109,LDN1024,50,25,999
756895,194515,LDN1026,105,52,999
759925,192130,LDN1027,77,39,999
759318,192727,LDN1028,112,56,999
756891,195115,LDN1029,1514,757,999
783907,169559,LDN1030,84,42,999
783543,170037,LDN1031,68,34,999
758099,194821,LDN1032,99,50,999
742340,205836,LDN1033,405,202,999
759307,194527,LDN1034,102,51,999
782813,171834,LDN1035,158,79,999
742943,205839,LDN1036,142,71,999
752639,199592,LDN1037,368,184,999
747791,202866,LDN1038,389,194,999
745365,204653,LDN1039,135,67,999
783958,171839,LDN1040,61,30,999
742933,207039,LDN1041,71,36,999
785530,170645,LDN1042,59,29,999
779897,177222,LDN1043,513,256,999
744747,206450,LDN1044,37,19,999
785044,171543,LDN1045,64,32,999
782014,175431,LDN1046,142,71,999
784860,172323,LDN1047,34,17,999
777166,181231,LDN1048,126,63,999
745345,207053,LDN1049,34,17,999
759287,197527,LDN1050,144,72,999
745646,207055,LDN1051,48,24,999
784736,173282,LDN1052,64,32,999
755648,200508,LDN1053/B357,87,43,999
776858,182609,LDN1054,1173,586,999
787943,169935,LDN1055/B168,214,107,999
755036,201705,LDN1056,91,45,999
782303,178432,LDN1057,110,55,999
757448,201718,LDN1058,446,223,999
780476,182625,LDN1059,116,58,999
762895,199045,LDN1060,84,42,999
754999,206505,LDN1061/B354,376,188,999
764095,199951,LDN1062,26,13,999
760455,202933,LDN1063/B360,76,38,999
764093,200251,LDN1064,15,8,999
760451,203533,LDN1065/B151,73,36,999
784696,182642,LDN1066,218,109,999
761653,204139,LDN1067,52,26,999
759771,205629,LDN1068/B359,79,39,999
761045,204736,LDN1069,64,32,999
784088,183840,LDN1070/B164,107,54,999
754974,209505,LDN1071,145,73,999
765888,202359,LDN1072,588,294,999
784987,185043,LDN1073,193,96,999
776799,194009,LDN1074/B364,79,39,999
774979,195801,LDN1075/B157,182,91,999
749612,215477,LDN1076/B149/B148,43,21,999
778612,193417,LDN1077,21,11,999
778002,194615,LDN1078,64,32,999
775575,197004,LDN1079,50,25,999
768897,203574,LDN1080/B154,15,8,999
777996,195814,LDN1081,366,183,999
750686,216682,LDN1082/B150,159,80,999
776152,201507,LDN1083,418,209,999
781002,197627,LDN1084,151,75,999
776134,204327,LDN1085,48,24,999
773097,207193,LDN1086,148,74,999
777346,203612,LDN1087,55,27,999
779164,202420,LDN1088/B160,66,33,999
739689,228622,LDN1089,236,118,999
777342,204212,LDN1090/B365,80,40,999
792503,190472,LDN1091,169,84,999
778543,205117,LDN1092,57,28,999
776113,207506,LDN1093,88,44,999
739665,230422,LDN1094,21,11,999
781576,202730,LDN1095/B162,52,26,999
774895,209001,LDN1096,15,8,999
784003,200640,LDN1097,26,13,999
776716,207509,LDN1098,76,38,999
777930,206614,LDN1099,43,21,999
740873,230428,LDN1100,40,20,999
779751,205122,LDN1101,148,74,999
775499,209004,LDN1102,43,21,999
781024,204227,LDN1103/B161,26,13,999
781265,204228,LDN1104,37,19,999
778288,207216,LDN1105,43,21,999
781563,204830,LDN1106/B163,45,23,999
790062,196163,LDN1107,1588,794,999
771836,214387,LDN1108,103,51,999
787019,200952,LDN1109,185,93,999
779729,208422,LDN1110,40,20,999
779729,208422,LDN1111,21,11,999
779121,209019,LDN1112,55,27,999
782764,205915,LDN1113/B367,21,11,999
785800,203047,LDN1114,61,30,999
783976,205140,LDN1115,21,11,999
777901,210814,LDN1116,88,44,999
779115,209919,LDN1117,30,15,999
783971,205980,LDN1118,15,8,999
763916,222150,LDN1119,48,24,999
784577,205742,LDN1120,15,8,999
780324,209805,LDN1121,43,21,999
739598,235221,LDN1122,97,48,999
779715,210522,LDN1123,26,13,999
780929,209627,LDN1124,59,29,999
764822,222155,LDN1125,48,24,999
779713,210822,LDN1126,37,19,999
780558,210826,LDN1127,30,15,999
780921,210827,LDN1128,59,29,999
783956,208439,LDN1129,97,48,999
782739,209935,LDN1130,52,26,999
779989,214423,LDN1131/B366,103,51,999
783936,211439,LDN1132,26,13,999
793652,202476,LDN1133,238,119,999
780878,216827,LDN1134,776,388,999
779658,218322,LDN1135,111,56,999
783301,215937,LDN1136,52,26,999
786949,212651,LDN1137/B368,64,32,999
786949,212651,LDN1138,64,32,999
789377,210861,LDN1139,59,29,999
780255,219224,LDN1140,235,117,999
789373,211461,LDN1141,48,24,999
789970,212663,LDN1142,21,11,999
790576,212365,LDN1143,68,34,999
786319,216429,LDN1144/B166/B165,79,39,999
786319,216429,B167,79,39,999
774759,225801,LDN1145,205,102,999
774759,225801,LDN1146,205,102,999
744319,242448,LDN1147,171,85,999
744319,242448,LDN1148,59,29,999
790573,212845,LDN1149/B170,59,29,999
801506,201603,LDN1150/B369,40,20,999
791782,212670,LDN1151/B169,79,39,999
740650,244828,LDN1152,76,38,999
792388,212372,LDN1153/B171,135,67,999
802107,202385,LDN1154,40,20,999
746112,243658,LDN1155,37,19,999
803926,200711,LDN1156,99,50,999
743673,244845,LDN1157,34,17,999
746717,243662,LDN1158,159,80,999
796022,210885,LDN1159,800,400,999
794805,212381,LDN1160,66,33,999
803920,202091,LDN1161,37,19,999
768019,234170,LDN1162,30,15,999
804523,202213,LDN1163,40,20,999
796010,212985,LDN1164/B174,66,33,999
796314,212686,LDN1165,66,33,999
795397,214483,LDN1166/B173,15,8,999
758246,241323,LDN1167,119,60,999
753980,243401,LDN1168,26,13,999
796300,215086,LDN1169,30,15,999
757004,243416,LDN1170,222,111,999
752122,245971,LDN1171,21,11,999
757605,243720,LDN1172,48,24,999
758815,243726,LDN1173,37,19,999
757576,245519,LDN1174,260,130,999
800207,218699,LDN1175,59,29,999
774602,240200,LDN1176,320,160,999
767259,245747,LDN1177,34,17,999
797448,224390,LDN1178,34,17,999
808403,212544,LDN1179,21,11,999
808097,213324,LDN1180,1267,633,999
781287,238129,LDN1181,43,21,999
799878,222898,LDN1182,30,15,999
781284,238429,LDN1183,144,72,999
804440,218713,LDN1184,169,84,999
809611,212728,LDN1185,37,19,999
800175,223679,LDN1186,34,17,999
814777,206142,LDN1187,182,91,999
801999,222305,LDN1188,302,151,999
815381,206143,LDN1189,329,165,999
810517,212911,LDN1190,30,15,999
800471,224700,LDN1191,30,15,999
812339,210936,LDN1192,40,20,999
800774,224701,LDN1193,21,11,999
811727,212734,LDN1194,45,23,999
808059,220524,LDN1195,62,31,999
808059,220524,LDN1196,82,41,999
814752,212142,LDN1197,45,23,999
814139,213940,LDN1198,111,56,999
777542,246814,LDN1199,232,116,999
819591,211554,LDN1200,68,34,999
806194,228618,LDN1201,45,23,999
808020,227123,LDN1202,30,15,999
808627,226825,LDN1203,61,30,999
808016,227723,LDN1204,757,378,999
819566,217554,LDN1205,148,74,999
809199,231927,LDN1206,138,69,999
809805,231929,LDN1207,104,52,999
810410,231930,LDN1208,64,32,999
809796,233129,LDN1209,159,80,999
818934,223552,LDN1210,50,25,999
820143,223855,LDN1211,50,25,999
820748,223977,LDN1212,57,28,999
810991,235532,LDN1213,37,19,999
812195,236735,LDN1214,242,121,999
823171,223562,LDN1215,69,35,999
823168,224162,LDN1216,180,90,999
799882,254699,LDN1217/B175,206,103,999
829222,224174,LDN1218,604,302,999
798959,255596,LDN1219,26,13,999
830438,222676,LDN1220,37,19,999
809064,248427,LDN1221,68,34,999
831044,222377,LDN1222,21,11,999
826163,231368,LDN1223,481,241,999
830412,229576,LDN1224,61,30,999
835283,221784,LDN1225,91,45,999
834065,224183,LDN1226,45,23,999
834064,224363,LDN1227,43,21,999
755410,279111,LDN1228,140,70,999
836490,223166,LDN1229,30,15,999
836489,223286,LDN1230,21,11,999
838918,220590,LDN1231,55,27,999
838308,222389,LDN1232,30,15,999
837879,224428,LDN1233,15,8,999
838302,224669,LDN1234,30,15,999
800951,264302,LDN1235,92,46,999
823638,248163,LDN1236,100,50,999
841570,225393,LDN1237,30,15,999
847401,215199,LDN1238,1791,896,999
835408,237865,LDN1239,34,17,999
834614,239183,LDN1240,170,85,999
786029,276250,LDN1241,562,281,999
810703,263732,LDN1242,426,213,999
798374,271194,LDN1243,136,68,999
843143,225995,LDN1244,40,20,999
847395,218799,LDN1245,127,63,999
843135,228995,LDN1246,21,11,999
804480,270914,LDN1247,196,98,999
847386,224199,LDN1248,988,494,999
854664,212205,LDN1249,104,52,999
841276,242193,LDN1250,776,388,999
813634,270940,LDN1251,211,106,999
855254,227805,LDN1252,204,102,999
861922,210707,LDN1253,45,23,999
861922,211607,LDN1254,187,93,999
860105,217907,LDN1255,15,8,999
861316,216107,LDN1256,192,96,999
862526,214787,LDN1257,82,41,999
863434,214607,LDN1258,48,24,999
841755,267393,LDN1259,90,45,999
862219,233807,LDN1260,30,15,999
844196,267396,LDN1261,83,41,999
844196,267396,LDN1262,123,61,999
862522,233447,LDN1263,21,11,999
859481,245807,LDN1264,153,76,999
5785,211907,LDN1265,26,13,999
862519,242207,LDN1266,763,381,999
340,240407,LDN1267,66,33,999
863733,242807,LDN1268,190,95,999
340,241787,LDN1269,76,38,999
947,241787,LDN1270,45,23,999
947,242207,LDN1271,48,24,999
1554,242207,LDN1272,1411,706,999
1555,246707,LDN1273,214,107,999
862514,255407,LDN1274,86,43,999
3982,242807,LDN1275,68,34,999
7613,230506,LDN1276,30,15,999
8219,230506,LDN1277,40,20,999
9430,229905,LDN1278,62,31,999
10642,229605,LDN1279,76,38,999
11848,225584,LDN1280,66,33,999
11248,230204,LDN1281,37,19,999
13055,222403,LDN1282,61,30,999
13661,222163,LDN1283,43,21,999
13062,227503,LDN1284,48,24,999
14880,227502,LDN1285,55,27,999
20906,212197,LDN1286,117,59,999
21545,228396,LDN1287,69,35,999
22784,237995,LDN1288,280,140,999
774751,318228,LDN1289,52,26,999
25158,219992,LDN1290,55,27,999
25347,223291,LDN1291,30,15,999
780208,318851,LDN1292,327,163,999
25176,227192,LDN1293,50,25,999
25410,224191,LDN1294,21,11,999
26909,188789,LDN1295,82,41,999
26911,189989,LDN1296,86,43,999
25779,225991,LDN1297,118,59,999
26065,219990,LDN1298,59,29,999
27051,200669,LDN1299,34,17,999
26371,221190,LDN1300,43,21,999
26260,224850,LDN1301,21,11,999
26375,222690,LDN1302,34,17,999
25806,234991,LDN1303,401,200,999
25871,251191,LDN1304,957,479,999
37979,243971,LDN1305,784,392,999
37882,224171,LDN1306,1588,794,999
39142,234969,LDN1307,723,361,999
44214,262558,LDN1308,600,300,999
40304,224166,LDN1309,315,157,999
40262,213366,LDN1310,504,252,999
410768,305006,LDN1311,617,308,999
44538,223557,LDN1312,159,80,999
45741,222054,LDN1313,91,45,999
46342,221153,LDN1314,43,21,999
48188,227149,LDN1315,254,127,999
47553,221150,LDN1316,102,51,999
49859,222644,LDN1317,21,11,999
49970,220544,LDN1319,217,109,999
153186,308274,LDN1320,326,163,999
382059,303264,LDN1321,635,318,999
50575,220543,LDN1322,30,15,999
51183,221141,LDN1323,74,37,999
51791,221739,LDN1324,91,45,999
53939,227134,LDN1325,26,13,999
54423,227132,LDN1326,26,13,999
56720,235526,LDN1327,111,56,999
59198,242119,LDN1328,592,296,999
57321,234924,LDN1329,88,44,999
57927,234922,LDN1330,66,33,999
59119,232219,LDN1331,120,60,999
61481,223392,LDN1332,45,23,999
87652,271716,LDN1333,40,20,999
62083,223030,LDN1334,50,25,999
67039,237894,LDN1335,375,188,999
68274,240290,LDN1336,560,280,999
63293,222906,LDN1337,52,26,999
68757,225768,LDN1338,26,13,999
68752,225048,LDN1339,26,13,999
90457,262643,LDN1340,15,8,999
69482,225705,LDN1341,21,11,999
69657,224685,LDN1343,69,35,999
70268,225522,LDN1345,59,29,999
70267,225462,LDN1346,59,29,999
70864,224380,LDN1347,102,51,999
71169,224679,LDN1348,102,51,999
80371,238445,LDN1349,520,260,999
77722,219555,LDN1350,30,15,999
78443,218952,LDN1351,26,13,999
93138,242591,LDN1352,62,31,999
98631,245565,LDN1353,758,379,999
83848,222230,LDN1354,61,30,999
103646,248541,LDN1355,40,20,999
85662,222223,LDN1356,135,67,999
103514,247942,LDN1357,30,15,999
105362,249733,LDN1358,37,19,999
87485,223415,LDN1359,118,59,999
88064,220413,LDN1360,50,25,999
88983,221909,LDN1361,50,25,999
88668,220410,LDN1362,30,15,999
88664,219810,LDN1363,50,25,999
89887,221605,LDN1364,59,29,999
89260,218907,LDN1365,146,73,999
91705,222197,LDN1366,222,111,999
91088,220699,LDN1367,61,30,999
91695,220997,LDN1368,37,19,999
92299,220994,LDN1369,52,26,999
91063,217699,LDN1370,90,45,999
92883,218591,LDN1371,217,109,999
94716,220983,LDN1372,79,39,999
94711,220383,LDN1373,1658,829,999
92817,210191,LDN1374,50,25,999
98928,219163,LDN1375,82,41,999
98314,217966,LDN1376,66,33,999
117046,219671,LDN1377,76,38,999
116961,217211,LDN1378,15,8,999
117324,217269,LDN1379,21,11,999
117437,216548,LDN1380,15,8,999
117922,216786,LDN1381,37,19,999
118219,216244,LDN1382,48,24,999
118823,216361,LDN1383,26,13,999
120027,216054,LDN1384,125,62,999
120623,215331,LDN1385,30,15,999
121342,214847,LDN1386,43,21,999
141895,201824,LDN1387/B6,80,40,999
145834,204500,LDN1388,40,20,999
146741,204854,LDN1389,21,11,999
149392,198477,LDN1390,467,234,999
142711,191319,LDN1391,560,280,999
152402,198457,LDN1392/B8,88,44,999
151789,197261,LDN1393,64,32,999
154213,199045,LDN1394,205,103,999
152370,194857,LDN1395,578,289,999
156614,198430,LDN1396/B11,127,63,999
156606,197530,LDN1397,64,32,999
155390,196038,LDN1398,335,168,999
158420,198418,LDN1399,193,97,999
159016,197814,LDN1400,50,25,999
160830,198762,LDN1401,62,31,999
158404,196618,LDN1402/B13,199,99,999
161130,198700,LDN1403,26,13,999
162035,198993,LDN1404,76,38,999
164442,198977,LDN1405/B21,199,99,999
166852,199441,LDN1406,34,17,999
162003,195394,LDN1407/B12,173,86,999
163214,196285,LDN1408,189,95,999
165634,197769,LDN1409,45,23,999
165631,197469,LDN1410,26,13,999
165617,195969,LDN1411,45,23,999
166219,195965,LDN1412,21,11,999
164383,192377,LDN1414,215,107,999
169226,195944,LDN1415,121,61,999
168012,194753,LDN1416,40,20,999
168608,194149,LDN1417,34,17,999
164358,189377,LDN1418/B20,772,386,999
174649,197107,LDN1419,135,67,999
163747,188182,LDN1420,21,11,999
163740,187282,LDN1421,45,23,999
173424,194715,LDN1422,509,254,999
170995,192032,LDN1423,15,8,999
170993,191732,LDN1424,37,19,999
171589,191128,LDN1425,146,73,999
172190,191124,LDN1426,66,33,999
170374,189636,LDN1427,34,17,999
170371,189336,LDN1428,34,17,999
172761,187520,LDN1429,86,43,999
173364,187696,LDN1430,45,23,999
172759,187220,LDN1431,48,24,999
175166,187503,LDN1432,66,33,999
174560,186907,LDN1433,66,33,999
129761,135597,LDN1434,402,201,999
174550,185707,LDN1435,182,91,999
176358,186295,LDN1436,267,134,999
179614,187472,LDN1437,26,13,999
177556,185686,LDN1438,198,99,999
180575,187465,LDN1439,52,26,999
142753,149318,LDN1440,79,39,999
144077,149610,LDN1441,79,39,999
138200,140346,LDN1442,269,135,999
144244,146909,LDN1443,615,307,999
164210,168978,LDN1444,351,176,999
163300,167784,LDN1445/B17/B16,139,69,999
163300,167784,B15,139,69,999
135766,133761,LDN1446,260,130,999
146048,146897,LDN1447,387,193,999
123654,110432,LDN1448/B203,110,55,999
139983,135535,LDN1449,726,363,999
125766,112820,LDN1450/B205/B206,45,23,999
123648,108632,LDN1451/B202,179,90,999
124856,110425,LDN1452,617,308,999
105635,73029,LDN1453,123,61,999
106115,72726,LDN1454,444,222,999
124850,108625,LDN1455/B204,76,38,999
141177,133728,LDN1456,100,50,999
105508,70329,LDN1457,245,123,999
106716,72723,LDN1458,113,57,999
149033,142678,LDN1459,1493,747,999
206413,188479,LDN1460,204,102,999
169154,161744,LDN1461,107,54,999
144180,133109,LDN1462,83,41,999
144780,132805,LDN1463,79,39,999
144416,132027,LDN1464,30,15,999
175608,165599,LDN1465/B25,133,66,999
208808,187861,LDN1466,169,84,999
209409,187857,LDN1467,82,41,999
132078,113083,LDN1468,166,83,999
145858,131898,LDN1469,37,19,999
133887,114572,LDN1470/B4/B3,304,152,999
136787,118455,LDN1471/B5,149,75,999
132676,112179,LDN1472/B2/B1,906,453,999
150811,137266,LDN1473,184,92,999
173162,158716,LDN1474,1031,516,999
182196,162253,LDN1475,290,145,999
182185,160453,LDN1476,156,78,999
182173,158653,LDN1477,252,126,999
158006,133619,LDN1478,1009,504,999
167063,142558,LDN1479,592,296,999
183364,156845,LDN1480,149,75,999
167640,137754,LDN1481,356,178,999
160986,128199,LDN1482,173,86,999
165205,131171,LDN1483,223,112,999
145870,104898,LDN1484,319,160,999
166394,128462,LDN1485,269,135,999
148873,104878,LDN1486,332,166,999
167583,125754,LDN1487,464,232,999
176023,132116,LDN1488,361,180,999
146856,95291,LDN1489,79,39,999
175224,128401,LDN1490,131,66,999
146794,94632,LDN1491,30,15,999
173593,126313,LDN1492,535,268,999
176606,128392,LDN1493,326,163,999
176538,126772,LDN1494,50,25,999
154860,99439,LDN1495/B7/B10,772,386,999
154860,99439,B211/B209/B216,772,386,999
154860,99439,B213/B218/B217,772,386,999
169941,115538,LDN1496,403,202,999
160280,103003,LDN1497,408,204,999
150621,89867,LDN1498,164,82,999
150319,89269,LDN1499,128,64,999
163895,105979,LDN1500/B219,472,236,999
153026,90451,LDN1501,524,262,999
181984,122654,LDN1502,333,167,999
168227,107750,LDN1503/B23,43,21,999
168707,107746,LDN1504,277,139,999
172929,111917,LDN1505,491,245,999
156031,91032,LDN1506,277,138,999
169906,107138,LDN1507/B24,144,72,999
168695,104746,LDN1508,205,102,999
200532,134221,LDN1509,157,79,999
189802,125298,LDN1510,240,120,999
156024,89232,LDN1511,262,131,999
182263,118032,LDN1512,61,30,999
175327,111000,LDN1513,114,57,999
169596,104740,LDN1514,107,54,999
175929,111296,LDN1515,184,92,999
194009,126168,LDN1516,1135,567,999
177125,110088,LDN1517/B28/B27,108,54,999
177125,110088,B26,108,54,999
203649,133298,LDN1518,1027,513,999
177425,110086,LDN1519,120,60,999
170487,102334,LDN1520,302,151,999
163849,93979,LDN1521/B22/B19,969,485,999
163849,93979,B14/B220,969,485,999
184353,115437,LDN1522/B222,64,32,999
183748,114241,LDN1523/B29,62,31,999
160827,88600,LDN1524/B215/B212,272,136,999
160827,88600,B210,272,136,999
205197,130766,LDN1525,37,19,999
197182,124285,LDN1526,26,13,999
167454,94555,LDN1527,48,24,999
166247,92763,LDN1528,677,339,999
163227,87983,LDN1529/B18,226,113,999
193975,118968,LDN1530,102,51,999
163225,87563,LDN1531,57,28,999
168048,92751,LDN1532,160,80,999
165755,89706,LDN1533,50,25,999
168046,92151,LDN1534,447,223,999
165321,86049,LDN1535,159,80,999
163810,83179,LDN1536,586,293,999
174662,95105,LDN1537,296,148,999
171642,90326,LDN1538,829,415,999
177667,95684,LDN1539,715,357,999
180663,94163,LDN1540,254,127,999
170410,81934,LDN1541,284,142,999
180655,92063,LDN1542,379,189,999
160455,67902,LDN1543,144,72,999
182451,90850,LDN1544,158,79,999
189196,96202,LDN1545,109,55,999
161350,66396,LDN1546,291,146,999
189671,94998,LDN1547,106,53,999
189669,94398,LDN1548,118,59,999
190269,94394,LDN1549,135,67,999
216167,115806,LDN1550,97,48,999
162847,65186,LDN1551,99,50,999
190627,93792,LDN1552,45,23,999
191470,94385,LDN1553,141,71,999
192010,94382,LDN1554,34,17,999
216762,114602,LDN1555,144,72,999
166435,60961,LDN1556,107,54,999
219733,107980,LDN1557,488,244,999
171540,61526,LDN1558,404,202,999
195627,82955,LDN1559,556,278,999
223901,100749,LDN1560,726,363,999
174484,44225,LDN1561,251,125,999
181107,50659,LDN1562,187,93,999
181104,49759,LDN1563,109,55,999
226833,83627,LDN1564,87,43,999
228633,83914,LDN1565,240,120,999
228631,83314,LDN1566,0,0,999
229533,83908,LDN1567,0,0,999
229829,82706,LDN1568,0,0,999
144651,2304,LDN1569,380,190,999
220180,69576,LDN1570/B227,68,34,999
186467,38021,LDN1571,221,110,999
186467,38021,LDN1572,135,67,999
198505,48734,LDN1573,488,244,999
220650,66572,LDN1574,71,36,999
221005,65370,LDN1576,106,53,999
197893,45138,LDN1577/B31/B30,307,154,999
221063,64769,LDN1578,106,53,999
203909,49595,LDN1579,270,135,999
200297,46321,LDN1580,226,113,999
197649,43940,LDN1581,15,8,999
199093,45130,LDN1582,50,25,999
197287,43343,LDN1583/B225,114,57,999
198970,44231,LDN1584,57,28,999
204504,48090,LDN1585/B32,116,58,999
219537,57580,LDN1586,1294,647,999
220737,57572,LDN1587,1294,647,999
192442,30178,LDN1588/B223,191,95,999
190990,26588,LDN1589,79,39,999
192430,26578,LDN1590,441,221,999
221908,49163,LDN1591,125,62,999
206851,32473,LDN1594,116,58,999
196621,23547,LDN1595/B35,495,248,999
207451,32469,LDN1596,97,48,999
210147,31249,LDN1597,86,43,999
211463,30039,LDN1598,128,64,999
209833,27051,LDN1599/B36,204,102,999
234499,46671,LDN1600,301,151,999
233891,44575,LDN1601,123,61,999
206816,21673,LDN1602,294,147,999
233282,41880,LDN1604,43,21,999
235670,38262,LDN1605/B37/B38,535,268,999
233865,36776,LDN1606,99,50,999
234466,37071,LDN1607,59,29,999
238072,38845,LDN1608,102,51,999
237768,37647,LDN1609,61,30,999
238788,37640,LDN1610/B39,66,33,999
216404,18003,LDN1611,231,116,999
217600,16794,LDN1612,135,67,999
240455,34028,LDN1613,0,0,999
201337,-2287,LDN1614,30,15,999
183306,-12357,LDN1615,139,69,999
183905,-12362,LDN1616,61,30,999
212780,10829,LDN1617,1333,666,999
219396,15581,LDN1618,199,99,999
218794,14985,LDN1619,93,47,999
201943,-492,LDN1620,52,26,999
213012,8428,LDN1621,79,39,999
212768,7229,LDN1622,167,84,999
220586,12572,LDN1623,173,87,999
214568,7216,LDN1624,0,0,999
232615,21484,LDN1625,2109,1054,999
242837,28611,LDN1626,518,259,999
207945,65,LDN1627,120,60,999
223580,10750,LDN1628,878,439,999
221774,8963,LDN1629,520,260,999
207333,-3531,LDN1630/B33,1171,585,999
242519,22913,LDN1631,73,36,999
215751,1808,LDN1632,734,367,999
230786,12498,LDN1633,156,78,999
191078,-20813,LDN1634,336,168,999
204668,-11312,LDN1635,43,21,999
204848,-11373,LDN1636,26,13,999
242191,14215,LDN1637,470,235,999
214516,-8984,LDN1638,740,370,999
246996,15981,LDN1639,471,236,999
200077,-20878,LDN1640,64,32,999
202463,-25096,LDN1641,1199,599,999
165186,-51231,LDN1642,292,146,999
219890,-16823,LDN1643,440,220,999
220600,-19828,LDN1644,40,20,999
220178,-20425,LDN1645,109,55,999
220474,-21627,LDN1646,848,424,999
205427,-35917,LDN1647,985,492,999
211437,-32961,LDN1648,651,326,999
250860,-14227,LDN1649,34,17,999
251690,-17653,LDN1650,61,30,999
229429,-35493,LDN1651,242,121,999
231827,-36110,LDN1652,516,258,999
250695,-28566,LDN1653,52,26,999
251657,-27853,LDN1654,107,54,999
249971,-29641,LDN1655,57,28,999
249909,-30241,LDN1656,133,66,999
254627,-37474,LDN1657,498,249,999
260621,-39916,LDN1658,0,0,999
262572,-84030,LDN1659,102,51,999
264065,-86141,LDN1660,104,52,999
265264,-86749,LDN1661,293,147,999
268873,-84974,LDN1662,171,86,999
271281,-83190,LDN1663,313,157,999
266458,-88557,LDN1664,188,94,999
273077,-85002,LDN1665,204,102,999
273671,-86806,LDN1666,79,39,999
267043,-92761,LDN1667,310,155,999
274201,-89630,LDN1668,68,34,999
285611,-106685,LDN1669,369,184,999
290691,-113917,LDN1670,93,47,999
291585,-115723,LDN1671,180,90,999
588669,-101227,LDN1672,412,206,999
594094,-105991,LDN1673,133,66,999
593904,-103592,LDN1674,45,23,999
586841,-94039,LDN1675/B229,502,251,999
588642,-94028,LDN1676,810,405,999
607947,-115496,LDN1677/B237/B234,1526,763,999
607947,-115496,B239,1526,763,999
585620,-88647,LDN1678,178,89,999
613665,-118456,LDN1679/B49,50,25,999
588616,-86828,LDN1680,810,405,999
592228,-89204,LDN1681,217,109,999
616954,-115552,LDN1682/B55,73,36,999
593434,-90395,LDN1683,746,373,999
594639,-91587,LDN1684,139,69,999
617556,-115728,LDN1685/B56,30,15,999
591502,-87588,LDN1686,61,30,999
589811,-85020,LDN1687,852,426,999
591619,-86808,LDN1688,417,209,999
595235,-90323,LDN1689,40,20,999
592099,-86564,LDN1690,68,34,999
621165,-117202,LDN1691,476,238,999
591917,-86206,LDN1692,40,20,999
619958,-116011,LDN1693,57,28,999
618149,-114224,LDN1694,348,174,999
613928,-110054,LDN1695/B241,352,176,999
593303,-87576,LDN1696/B42,91,45,999
619957,-115711,LDN1697,79,39,999
621159,-116002,LDN1698/B252,93,47,999
621339,-115881,LDN1699,88,44,999
619347,-113615,LDN1700,350,175,999
621758,-115578,LDN1701,37,19,999
621753,-114498,LDN1702,116,58,999
623259,-115567,LDN1703,43,21,999
594497,-85588,LDN1704,48,24,999
624160,-115681,LDN1705,88,44,999
619337,-111215,LDN1706,467,233,999
619939,-111511,LDN1707,82,41,999
618129,-109424,LDN1708,104,52,999
595818,-85579,LDN1709,151,75,999
624457,-115019,LDN1710,156,78,999
618726,-108820,LDN1711,99,50,999
598829,-87959,LDN1712/B44,598,299,999
618726,-108700,LDN1713,40,20,999
619328,-109115,LDN1714,37,19,999
619327,-108815,LDN1715,26,13,999
618118,-107024,LDN1716/B243,240,120,999
587366,-72436,LDN1717/B41,286,143,999
621128,-108863,LDN1718,34,17,999
587967,-72432,LDN1719,374,187,999
621728,-108798,LDN1720,146,73,999
585553,-68848,LDN1721/B40,256,128,999
621726,-108198,LDN1722,1335,668,999
630764,-115933,LDN1723,34,17,999
631064,-115991,LDN1724,21,11,999
623532,-109385,LDN1725/B254,86,43,999
619312,-105215,LDN1726/B247/B245,146,73,999
619312,-105215,LDN1727/B249,21,11,999
618708,-104500,LDN1728,68,34,999
601827,-86738,LDN1729,454,227,999
631964,-115924,LDN1730,621,310,999
615692,-101041,LDN1731,550,275,999
629553,-113542,LDN1732,457,229,999
619488,-104434,LDN1733/B248,64,32,999
631479,-114728,LDN1734,37,19,999
631296,-114189,LDN1735,21,11,999
618098,-102224,LDN1736/B244,93,47,999
618700,-102520,LDN1737,210,105,999
631777,-114186,LDN1738,26,13,999
596997,-79271,LDN1739,146,73,999
597720,-79986,LDN1740,139,69,999
625327,-108172,LDN1741,2006,1003,999
619299,-102216,LDN1742/B250,88,44,999
619294,-101016,LDN1743,342,171,999
600002,-80151,LDN1744/B45,151,75,999
605428,-86113,LDN1745,242,121,999
618684,-98620,LDN1746/B59,265,132,999
606627,-85805,LDN1747,253,127,999
605421,-84313,LDN1748,178,89,999
625912,-104568,LDN1749/B256,164,82,999
607229,-86101,LDN1750,253,127,999
630730,-108133,LDN1751,531,265,999
593965,-70592,LDN1752/B43,639,319,999
644581,-118832,LDN1753,540,270,999
631330,-108129,LDN1754,271,136,999
602399,-78934,LDN1755,389,194,999
621686,-98598,LDN1756,256,128,999
595166,-70584,LDN1757,118,59,999
645175,-117628,LDN1758,48,24,999
607278,-83100,LDN1759/B238,79,39,999
648181,-118806,LDN1760,111,56,999
609626,-84884,LDN1761,304,152,999
649384,-119397,LDN1762,73,36,999
609623,-84284,LDN1763,304,152,999
628906,-102746,LDN1764,704,352,999
602991,-76530,LDN1765,135,67,999
646970,-116415,LDN1766,144,72,999
623177,-96308,LDN1767,40,20,999
624079,-96721,LDN1768/B66,55,27,999
637332,-108085,LDN1769/B275/B278,1693,846,999
595754,-66980,LDN1770,432,216,999
650576,-117588,LDN1771/B87,162,81,999
623896,-95882,LDN1772/B65,61,30,999
624679,-96477,LDN1773/B67,91,45,999
625582,-97250,LDN1774,82,41,999
610216,-82180,LDN1775/B46,43,21,999
631907,-102725,LDN1776,749,375,999
610215,-81880,LDN1777,107,54,999
563933,-25783,LDN1778,140,70,999
611418,-82471,LDN1779,144,72,999
564413,-25780,LDN1780,212,106,999
592734,-61600,LDN1781/B230,522,261,999
601171,-71143,LDN1782,104,52,999
646957,-113415,LDN1783,135,67,999
611898,-82468,LDN1784,79,39,999
612018,-82467,LDN1785,79,39,999
652011,-116558,LDN1786/B300,50,25,999
612016,-81867,LDN1787,144,72,999
643943,-110437,LDN1788,139,69,999
652973,-116971,LDN1789,419,210,999
618644,-88420,LDN1790,498,249,999
611774,-81329,LDN1791/B47,62,31,999
627376,-95557,LDN1793,498,249,999
627858,-95914,LDN1794,37,19,999
644840,-109830,LDN1795,139,69,999
601163,-68743,LDN1796,281,140,999
613214,-81259,LDN1797,185,92,999
650556,-113388,LDN1798/B295,64,32,999
604172,-70822,LDN1799,62,31,999
612910,-80061,LDN1800,59,29,999
642125,-106250,LDN1801,797,398,999
613390,-79997,LDN1802,61,30,999
