CCDCIEL MBM EXTRA DATABASE - Magnani-Blitz-Mundy catalogue of high-latitude molecular clouds. The original catalog (Magnani, Blitz & Mundy 1984ApJ...282L...9M; 1985ApJ...295..402M) and Magnani, Smith & Kubat 1996ApJS..106..447M are not in VizieR; positions are reconstructed from CDS VizieR J/ApJ/786/29 (Schlafly et al. 2014), J/ApJS/256/46 and J/AJ/168/203 (Sun et al. 2021, 2024) and J/A+A/383/631 (Dutra & Bica 2002), all J2000 galactic. Angular radii from J/AJ/168/203, fallback axes from J/A+A/383/631; clouds with no tabulated size are drawn as markers.
RA[0..864000], DEC[-324000..324000], name(s), length [0.1 min], width[0.1 min], orientation[degrees]
6361,74265,MBM1,300,300,999
22554,37555,MBM2,800,800,999
45478,60466,MBM3,2424,2424,999
49498,60956,MBM4,552,552,999
67200,39829,MBM5,2904,2904,999
74323,73402,MBM6,0,0,999
85435,71618,MBM7,850,850,999
87119,68035,MBM8,252,252,999
87721,42774,MBM9,504,504,999
102677,70340,MBM11,204,204,999
106101,70320,MBM12,1900,1300,999
107638,61923,MBM13,0,0,999
115143,72043,MBM14,2856,2856,999
115571,-33841,MBM15,350,350,999
119441,41692,MBM16,1800,1300,999
132479,76480,MBM17,300,300,999
145438,4660,MBM18,1152,1152,999
153597,25093,MBM19,0,0,999
165026,-51208,MBM20,1200,700,999
181076,-32143,MBM21,204,204,999
182763,-29755,MBM22,0,0,999
273540,168068,MBM23,228,228,999
274698,166872,MBM24,300,300,999
290849,165091,MBM25,800,300,999
292216,218063,MBM26,1200,500,999
317422,261415,MBM27,0,0,999
322734,260186,MBM28,1600,1150,999
327684,256556,MBM29,1600,1150,999
341230,253495,MBM30,1200,700,999
339611,240709,MBM31,400,400,999
343666,237103,MBM32,1800,700,999
563828,-25809,MBM33,0,0,999
569968,-21095,MBM34,0,0,999
570476,-6048,MBM35,0,0,999
572163,-16526,MBM36,350,350,999
572522,-10182,MBM37,744,744,999
575812,-6085,MBM38,0,0,999
579479,1389,MBM39,300,300,999
582339,78558,MBM40,600,450,999
603391,218567,MBM42,2400,1800,999
603391,218567,MBM43,2400,1800,999
603391,218567,MBM44,2400,1800,999
721498,-113528,MBM45,0,0,999
762896,-34976,MBM46,204,204,999
764161,-34375,MBM47,204,204,999
765436,-36646,MBM48,228,228,999
771797,44282,MBM49,0,0,999
788164,46434,MBM50,0,0,999
826967,361,MBM51,276,276,999
827760,2783,MBM52,204,204,999
832873,82575,MBM53,0,0,999
833574,66547,MBM54,0,0,999
833040,54319,MBM55,2400,2400,999
843372,120535,MBM56,600,600,999
582659,-25437,MBM57,0,0,999
123655,110391,MBM101,0,0,999
124860,110396,MBM102,0,0,999
124850,108600,MBM103,0,0,999
125760,112816,MBM104,0,0,999
147593,88801,MBM105,0,0,999
157556,70322,MBM106,0,0,999
160436,67902,MBM107,0,0,999
161335,66418,MBM108,0,0,999
162841,65162,MBM109,0,0,999
192062,-21002,MBM110,0,0,999
198895,-19374,MBM111,0,0,999
552067,-106572,MBM113,0,0,999
559313,-94203,MBM115,0,0,999
559443,-92390,MBM116,0,0,999
560695,-93004,MBM117,0,0,999
561433,-88983,MBM118,0,0,999
562619,-103387,MBM119,0,0,999
562793,-90105,MBM120,0,0,999
564372,-89828,MBM121,0,0,999
564377,-89584,MBM122,0,0,999
564600,-97818,MBM123,0,0,999
564855,-94685,MBM124,0,0,999
584945,-68166,MBM125,0,0,999
587524,-71703,MBM126,0,0,999
587925,-72423,MBM127,0,0,999
588719,-72730,MBM128,0,0,999
589331,-70802,MBM129,0,0,999
591307,-70307,MBM130,0,0,999
591888,-60715,MBM131,0,0,999
592684,-54438,MBM132,0,0,999
592733,-61621,MBM133,0,0,999
593345,-58195,MBM134,0,0,999
596591,-51054,MBM135,0,0,999
596523,-56997,MBM136,0,0,999
597176,-44146,MBM137,0,0,999
597466,-50219,MBM138,0,0,999
597418,-31573,MBM139,0,0,999
597841,-50215,MBM140,0,0,999
598383,-44180,MBM141,0,0,999
599684,-50721,MBM142,0,0,999
604671,-45907,MBM143,0,0,999
604685,-43519,MBM144,0,0,999
604613,-35701,MBM145,0,0,999
604617,-34488,MBM146,0,0,999
604683,-46501,MBM147,0,0,999
604976,-39911,MBM148,0,0,999
607080,-40505,MBM149,0,0,999
607092,-33787,MBM150,0,0,999
621956,-298,MBM151,0,0,999
692161,-137701,MBM152,0,0,999
692767,-132734,MBM153,0,0,999
693873,-131876,MBM154,0,0,999
696419,-131932,MBM155,0,0,999
698187,253020,MBM156,0,0,999
702184,257764,MBM157,0,0,999
717948,-50942,MBM158,0,0,999
719165,-50774,MBM159,0,0,999
750184,292274,MBM161,0,0,999
755461,279120,MBM162,0,0,999
787830,289752,MBM163,0,0,999
789597,290948,MBM164,0,0,999
790800,290770,MBM165,0,0,999
791630,296955,MBM166,0,0,999
